x,y,z,time,activity
0.1524200439453125,-0.0249176025390625,-1.13592529296875,500,sit
0.1286163330078125,-0.0135955810546875,-1.212646484375,510,sit
0.094482421875,-0.021270751953125,-1.2616119384765625,520,sit
0.067626953125,-0.049896240234375,-1.2700958251953125,530,sit
0.04559326171875,-0.034942626953125,-1.2573394775390625,540,sit
0.0338592529296875,-0.033782958984375,-1.2353057861328125,550,sit
0.0233306884765625,-0.057403564453125,-1.1881103515625,560,sit
0.0289154052734375,-0.07623291015625,-1.1546630859375,570,sit
0.0401458740234375,-0.0989990234375,-1.11614990234375,580,sit
0.0415191650390625,-0.1314697265625,-1.0711669921875,590,sit
0.045440673828125,-0.1605072021484375,-1.0468597412109375,600,sit
0.0681610107421875,-0.175567626953125,-1.0479583740234375,610,sit
0.0798187255859375,-0.1838531494140625,-1.048736572265625,620,sit
0.0881195068359375,-0.1875762939453125,-1.0558319091796875,630,sit
0.10400390625,-0.1770477294921875,-1.0567779541015625,640,sit
0.1187896728515625,-0.1623077392578125,-1.062744140625,650,sit
0.1272125244140625,-0.139404296875,-1.0601043701171875,660,sit
0.13751220703125,-0.1080780029296875,-1.044921875,670,sit
0.1428070068359375,-0.0747528076171875,-1.030792236328125,680,sit
0.159637451171875,-0.0455169677734375,-1.0176849365234375,690,sit
0.1740875244140625,-0.0287628173828125,-1.0096435546875,700,sit
0.183837890625,-0.0284576416015625,-1.004547119140625,710,sit
0.1962738037109375,-0.0357666015625,-0.9985198974609375,720,sit
0.207794189453125,-0.0502777099609375,-0.9972991943359375,730,sit
0.21343994140625,-0.056854248046875,-0.9958038330078125,740,sit
0.2244720458984375,-0.0532073974609375,-0.98876953125,750,sit
0.232421875,-0.0460052490234375,-0.9788055419921875,760,sit
0.255096435546875,-0.053436279296875,-1.0062255859375,770,sit
0.3205108642578125,-0.099395751953125,-1.0597991943359375,780,sit
0.386962890625,-0.12884521484375,-1.1280364990234375,790,sit
0.430389404296875,-0.1737823486328125,-1.193328857421875,800,sit
0.4618988037109375,-0.1954193115234375,-1.205352783203125,810,sit
0.4639129638671875,-0.1981658935546875,-1.1825103759765625,820,sit
0.445404052734375,-0.197113037109375,-1.146240234375,830,sit
0.40850830078125,-0.1844940185546875,-1.1049652099609375,840,sit
0.3589324951171875,-0.1706085205078125,-1.0594024658203125,850,sit
0.31402587890625,-0.1511077880859375,-1.0094451904296875,860,sit
0.27044677734375,-0.1291656494140625,-0.949005126953125,870,sit
0.226470947265625,-0.11749267578125,-0.900421142578125,880,sit
0.1980743408203125,-0.1041107177734375,-0.8777923583984375,890,sit
0.1833343505859375,-0.09393310546875,-0.88623046875,900,sit
0.16693115234375,-0.09271240234375,-0.91619873046875,910,sit
0.16119384765625,-0.09661865234375,-0.94488525390625,920,sit
0.15936279296875,-0.0975341796875,-0.9708709716796875,930,sit
0.158416748046875,-0.0908660888671875,-0.9985198974609375,940,sit
0.160552978515625,-0.0708160400390625,-1.006744384765625,950,sit
0.1643218994140625,-0.047393798828125,-1.0094146728515625,960,sit
0.1629791259765625,-0.031341552734375,-1.01007080078125,970,sit
0.14874267578125,-0.0329132080078125,-1.0052947998046875,980,sit
0.1376800537109375,-0.0422821044921875,-0.984161376953125,990,sit
0.1310577392578125,-0.0534210205078125,-0.9614715576171875,1000,sit
0.1237335205078125,-0.0713043212890625,-0.9507904052734375,1010,sit
0.1199798583984375,-0.0963592529296875,-0.9512786865234375,1020,sit
0.130645751953125,-0.1192779541015625,-0.960540771484375,1030,sit
0.1484222412109375,-0.1374969482421875,-0.979766845703125,1040,sit
0.164825439453125,-0.153564453125,-1.001617431640625,1050,sit
0.1808013916015625,-0.164794921875,-1.0203399658203125,1060,sit
0.19775390625,-0.17242431640625,-1.03131103515625,1070,sit
0.210113525390625,-0.1748809814453125,-1.0320892333984375,1080,sit
0.2160491943359375,-0.173492431640625,-1.020233154296875,1090,sit
0.21392822265625,-0.1712188720703125,-1.00537109375,1100,sit
0.21514892578125,-0.166168212890625,-0.9892120361328125,1110,sit
0.2098541259765625,-0.1570587158203125,-0.9773712158203125,1120,sit
0.2061614990234375,-0.146392822265625,-0.968017578125,1130,sit
0.19854736328125,-0.1399078369140625,-0.962249755859375,1140,sit
0.1912384033203125,-0.134674072265625,-0.962432861328125,1150,sit
0.1876373291015625,-0.1291656494140625,-0.97332763671875,1160,sit
0.1844482421875,-0.1289215087890625,-0.983367919921875,1170,sit
0.17877197265625,-0.1358642578125,-0.9801177978515625,1180,sit
0.1765289306640625,-0.1346282958984375,-0.98095703125,1190,sit
0.178680419921875,-0.1222381591796875,-0.9867095947265625,1200,sit
0.17657470703125,-0.1103057861328125,-0.9930572509765625,1210,sit
0.1731414794921875,-0.0950775146484375,-0.9983062744140625,1220,sit
0.1687164306640625,-0.081878662109375,-1.002655029296875,1230,sit
0.1668548583984375,-0.0709991455078125,-1.0046844482421875,1240,sit
0.168731689453125,-0.0636138916015625,-1.0044403076171875,1250,sit
0.1682281494140625,-0.062713623046875,-0.998382568359375,1260,sit
0.1647491455078125,-0.070556640625,-0.98846435546875,1270,sit
0.1656646728515625,-0.0804901123046875,-0.978363037109375,1280,sit
0.1644439697265625,-0.093414306640625,-0.968017578125,1290,sit
0.1694488525390625,-0.1040496826171875,-0.965850830078125,1300,sit
0.1745758056640625,-0.11187744140625,-0.9713287353515625,1310,sit
0.17938232421875,-0.1174163818359375,-0.9776611328125,1320,sit
0.184234619140625,-0.1209564208984375,-0.9809722900390625,1330,sit
0.1875,-0.122039794921875,-0.985076904296875,1340,sit
0.1893768310546875,-0.12213134765625,-0.9869842529296875,1350,sit
0.19097900390625,-0.12335205078125,-0.98785400390625,1360,sit
0.19146728515625,-0.12353515625,-0.9858551025390625,1370,sit
0.1949615478515625,-0.11907958984375,-0.9798736572265625,1380,sit
0.19390869140625,-0.115997314453125,-0.9717864990234375,1390,sit
0.1923065185546875,-0.1179656982421875,-0.967071533203125,1400,sit
0.19000244140625,-0.120086669921875,-0.96429443359375,1410,sit
0.1925201416015625,-0.1237030029296875,-0.9653167724609375,1420,sit
0.1970367431640625,-0.1250762939453125,-0.967559814453125,1430,sit
0.2009735107421875,-0.126922607421875,-0.975982666015625,1440,sit
0.2053985595703125,-0.1291961669921875,-0.9808197021484375,1450,sit
0.211944580078125,-0.131683349609375,-0.984649658203125,1460,sit
0.2170562744140625,-0.1319732666015625,-0.9905548095703125,1470,sit
0.2194976806640625,-0.1342010498046875,-0.99310302734375,1480,sit
0.218170166015625,-0.1369171142578125,-0.98846435546875,1490,sit
0.2171173095703125,-0.1369171142578125,-0.9832611083984375,1500,sit
0.2118988037109375,-0.14093017578125,-0.981231689453125,1510,sit
0.2037353515625,-0.1439361572265625,-0.9778900146484375,1520,sit
0.1978302001953125,-0.13983154296875,-0.975311279296875,1530,sit
0.194091796875,-0.13226318359375,-0.97314453125,1540,sit
0.189178466796875,-0.1254425048828125,-0.9738006591796875,1550,sit
0.186798095703125,-0.1209259033203125,-0.975616455078125,1560,sit
0.184814453125,-0.118133544921875,-0.9761199951171875,1570,sit
0.1834564208984375,-0.1183013916015625,-0.9780120849609375,1580,sit
0.1832275390625,-0.1215362548828125,-0.97955322265625,1590,sit
0.183502197265625,-0.125030517578125,-0.9807281494140625,1600,sit
0.1850738525390625,-0.1261444091796875,-0.98638916015625,1610,sit
0.1851348876953125,-0.124114990234375,-0.9820404052734375,1620,sit
0.182525634765625,-0.1231689453125,-0.97625732421875,1630,sit
0.1796722412109375,-0.12615966796875,-0.97088623046875,1640,sit
0.17742919921875,-0.132110595703125,-0.9666748046875,1650,sit
0.1778106689453125,-0.1387176513671875,-0.9644622802734375,1660,sit
0.180206298828125,-0.143707275390625,-0.9675750732421875,1670,sit
0.18328857421875,-0.14251708984375,-0.9717254638671875,1680,sit
0.191741943359375,-0.1303558349609375,-0.9796142578125,1690,sit
0.1996002197265625,-0.114654541015625,-0.984375,1700,sit
0.2070159912109375,-0.1013946533203125,-0.9859466552734375,1710,sit
0.2137908935546875,-0.0990753173828125,-0.9841156005859375,1720,sit
0.2120208740234375,-0.10040283203125,-0.983001708984375,1730,sit
0.21636962890625,-0.1082305908203125,-0.9859161376953125,1740,sit
0.2177581787109375,-0.125579833984375,-0.9848785400390625,1750,sit
0.216827392578125,-0.1342010498046875,-0.9783477783203125,1760,sit
0.2168731689453125,-0.144989013671875,-0.9767303466796875,1770,sit
0.21722412109375,-0.15545654296875,-0.9752197265625,1780,sit
0.216094970703125,-0.15887451171875,-0.9728546142578125,1790,sit
0.2145538330078125,-0.15740966796875,-0.97259521484375,1800,sit
0.21478271484375,-0.147796630859375,-0.9733734130859375,1810,sit
0.21246337890625,-0.1338958740234375,-0.97503662109375,1820,sit
0.2073211669921875,-0.1255340576171875,-0.97528076171875,1830,sit
0.20135498046875,-0.122283935546875,-0.9776763916015625,1840,sit
0.1952362060546875,-0.12091064453125,-0.9789886474609375,1850,sit
0.194976806640625,-0.119476318359375,-0.9789581298828125,1860,sit
0.194122314453125,-0.1197967529296875,-0.977630615234375,1870,sit
0.19366455078125,-0.1226654052734375,-0.9746246337890625,1880,sit
0.1952972412109375,-0.12353515625,-0.971466064453125,1890,sit
0.20196533203125,-0.1163787841796875,-0.9739990234375,1900,sit
0.2075958251953125,-0.1072998046875,-0.9809417724609375,1910,sit
0.2094268798828125,-0.0959930419921875,-0.983062744140625,1920,sit
0.2147216796875,-0.082672119140625,-0.9888153076171875,1930,sit
0.214874267578125,-0.0759429931640625,-0.9940643310546875,1940,sit
0.212890625,-0.07843017578125,-0.989959716796875,1950,sit
0.2023162841796875,-0.0934295654296875,-0.9783935546875,1960,sit
0.20721435546875,-0.1034698486328125,-0.9697265625,1970,sit
0.2105865478515625,-0.1197967529296875,-0.966064453125,1980,sit
0.2146453857421875,-0.13861083984375,-0.96014404296875,1990,sit
0.2214508056640625,-0.154449462890625,-0.950714111328125,2000,sit
0.2295379638671875,-0.1697540283203125,-0.953369140625,2010,sit
0.235015869140625,-0.1836395263671875,-0.9591827392578125,2020,sit
0.2389373779296875,-0.1931610107421875,-0.96685791015625,2030,sit
0.2420196533203125,-0.1938934326171875,-0.97540283203125,2040,sit
0.2455291748046875,-0.18511962890625,-0.980804443359375,2050,sit
0.24822998046875,-0.169036865234375,-0.984375,2060,sit
0.2438812255859375,-0.1522979736328125,-0.9884033203125,2070,sit
0.2354278564453125,-0.1385955810546875,-0.9872589111328125,2080,sit
0.2246246337890625,-0.12677001953125,-0.9853363037109375,2090,sit
0.2128753662109375,-0.12109375,-0.9849853515625,2100,sit
0.2042083740234375,-0.1162872314453125,-0.9864044189453125,2110,sit
0.1939849853515625,-0.1138458251953125,-0.9824371337890625,2120,sit
0.18524169921875,-0.1111602783203125,-0.974884033203125,2130,sit
0.1791839599609375,-0.107177734375,-0.9684295654296875,2140,sit
0.173004150390625,-0.103759765625,-0.96514892578125,2150,sit
0.168548583984375,-0.0992889404296875,-0.96905517578125,2160,sit
0.1679840087890625,-0.0955352783203125,-0.975982666015625,2170,sit
0.1707611083984375,-0.094451904296875,-0.98358154296875,2180,sit
0.1734466552734375,-0.096466064453125,-0.9835662841796875,2190,sit
0.176483154296875,-0.102081298828125,-0.9746551513671875,2200,sit
0.183685302734375,-0.1074371337890625,-0.963714599609375,2210,sit
0.1944427490234375,-0.1121673583984375,-0.953155517578125,2220,sit
0.20550537109375,-0.1231842041015625,-0.9466552734375,2230,sit
0.215118408203125,-0.1369781494140625,-0.9481964111328125,2240,sit
0.224365234375,-0.1479339599609375,-0.9552459716796875,2250,sit
0.2317047119140625,-0.1561431884765625,-0.9704437255859375,2260,sit
0.2373199462890625,-0.1646728515625,-0.981903076171875,2270,sit
0.23870849609375,-0.1672821044921875,-0.986083984375,2280,sit
0.2379302978515625,-0.16595458984375,-0.9843902587890625,2290,sit
0.2328338623046875,-0.161285400390625,-0.978759765625,2300,sit
0.2281036376953125,-0.1484832763671875,-0.9732818603515625,2310,sit
0.2235260009765625,-0.132171630859375,-0.9707794189453125,2320,sit
0.2181243896484375,-0.1143951416015625,-0.96734619140625,2330,sit
0.2143707275390625,-0.0964508056640625,-0.966766357421875,2340,sit
0.2145843505859375,-0.0811004638671875,-0.968658447265625,2350,sit
0.217376708984375,-0.0685577392578125,-0.9678802490234375,2360,sit
0.2237091064453125,-0.058807373046875,-0.9646148681640625,2370,sit
0.2341461181640625,-0.059722900390625,-0.9625244140625,2380,sit
0.2473907470703125,-0.068267822265625,-0.9613037109375,2390,sit
0.2611846923828125,-0.0825347900390625,-0.961761474609375,2400,sit
0.274017333984375,-0.1006317138671875,-0.9724273681640625,2410,sit
0.283416748046875,-0.1180267333984375,-0.982879638671875,2420,sit
0.2891387939453125,-0.1330108642578125,-0.99517822265625,2430,sit
0.2848968505859375,-0.148529052734375,-1.0037994384765625,2440,sit
0.2730865478515625,-0.1592864990234375,-1.001800537109375,2450,sit
0.2571258544921875,-0.164154052734375,-0.9932098388671875,2460,sit
0.2364501953125,-0.1640167236328125,-0.9854278564453125,2470,sit
0.21685791015625,-0.1591033935546875,-0.976898193359375,2480,sit
0.1943511962890625,-0.152801513671875,-0.97003173828125,2490,sit
0.1764678955078125,-0.14837646484375,-0.9642181396484375,2500,sit
0.162872314453125,-0.14666748046875,-0.966339111328125,2510,sit
0.1527862548828125,-0.145599365234375,-0.9731292724609375,2520,sit
0.1454315185546875,-0.146759033203125,-0.9794921875,2530,sit
0.1406402587890625,-0.148193359375,-0.9839935302734375,2540,sit
0.13861083984375,-0.145233154296875,-0.9861602783203125,2550,sit
0.138458251953125,-0.1347808837890625,-0.9818878173828125,2560,sit
0.1399688720703125,-0.119293212890625,-0.97662353515625,2570,sit
0.14300537109375,-0.1054534912109375,-0.97332763671875,2580,sit
0.1480560302734375,-0.0945587158203125,-0.9710693359375,2590,sit
0.15960693359375,-0.0860748291015625,-0.971282958984375,2600,sit
0.174560546875,-0.08111572265625,-0.970733642578125,2610,sit
0.1893157958984375,-0.0814056396484375,-0.9690704345703125,2620,sit
0.2064361572265625,-0.08551025390625,-0.9671630859375,2630,sit
0.2266082763671875,-0.0904693603515625,-0.9696044921875,2640,sit
0.2449798583984375,-0.0947265625,-0.975006103515625,2650,sit
0.2595977783203125,-0.0977935791015625,-0.9827117919921875,2660,sit
0.2706451416015625,-0.102630615234375,-0.9909515380859375,2670,sit
0.27313232421875,-0.1101531982421875,-0.9953765869140625,2680,sit
0.2737884521484375,-0.1169586181640625,-0.996917724609375,2690,sit
0.2687225341796875,-0.1247100830078125,-0.9942474365234375,2700,sit
0.2593841552734375,-0.1305084228515625,-0.9871978759765625,2710,sit
0.2483367919921875,-0.13970947265625,-0.9760894775390625,2720,sit
0.2326202392578125,-0.1515350341796875,-0.96636962890625,2730,sit
0.2214508056640625,-0.1618804931640625,-0.9620361328125,2740,sit
0.2117919921875,-0.16912841796875,-0.962005615234375,2750,sit
0.2002716064453125,-0.172576904296875,-0.9649200439453125,2760,sit
0.190032958984375,-0.1710662841796875,-0.9716796875,2770,sit
0.17718505859375,-0.1636962890625,-0.976409912109375,2780,sit
0.163909912109375,-0.153350830078125,-0.977325439453125,2790,sit
0.152740478515625,-0.1388702392578125,-0.9758758544921875,2800,sit
0.1442413330078125,-0.1220550537109375,-0.9710540771484375,2810,sit
0.1405487060546875,-0.1057586669921875,-0.967254638671875,2820,sit
0.142913818359375,-0.090576171875,-0.9648284912109375,2830,sit
0.15130615234375,-0.0784912109375,-0.9654083251953125,2840,sit
0.1644287109375,-0.06915283203125,-0.965362548828125,2850,sit
0.1800689697265625,-0.0658416748046875,-0.9681396484375,2860,sit
0.197052001953125,-0.070770263671875,-0.9761505126953125,2870,sit
0.2135772705078125,-0.07989501953125,-0.9854736328125,2880,sit
0.229339599609375,-0.09307861328125,-0.9968719482421875,2890,sit
0.239898681640625,-0.1044158935546875,-1.0066070556640625,2900,sit
0.2446136474609375,-0.1162109375,-1.011688232421875,2910,sit
0.2430419921875,-0.127288818359375,-1.00830078125,2920,sit
0.2359771728515625,-0.1370086669921875,-1.000091552734375,2930,sit
0.2264251708984375,-0.145782470703125,-0.98944091796875,2940,sit
0.213348388671875,-0.155487060546875,-0.9808349609375,2950,sit
0.199798583984375,-0.1662750244140625,-0.9760284423828125,2960,sit
0.18682861328125,-0.17578125,-0.9762115478515625,2970,sit
0.1749420166015625,-0.1804351806640625,-0.9778594970703125,2980,sit
0.1632843017578125,-0.17864990234375,-0.978668212890625,2990,sit
0.1514434814453125,-0.173431396484375,-0.974212646484375,3000,sit
0.1433258056640625,-0.16424560546875,-0.967529296875,3010,sit
0.141357421875,-0.1507568359375,-0.9645233154296875,3020,sit
0.1397705078125,-0.1375274658203125,-0.966522216796875,3030,sit
0.1424407958984375,-0.123931884765625,-0.9691925048828125,3040,sit
0.1504364013671875,-0.1127471923828125,-0.9741668701171875,3050,sit
0.162017822265625,-0.102325439453125,-0.9780731201171875,3060,sit
0.1757965087890625,-0.0925750732421875,-0.9792938232421875,3070,sit
0.191741943359375,-0.0859222412109375,-0.9804229736328125,3080,sit
0.2070770263671875,-0.0814666748046875,-0.9820404052734375,3090,sit
0.220123291015625,-0.0790863037109375,-0.984161376953125,3100,sit
0.2334747314453125,-0.079681396484375,-0.985931396484375,3110,sit
0.2384796142578125,-0.079193115234375,-0.9894561767578125,3120,sit
0.2392730712890625,-0.0792999267578125,-0.988037109375,3130,sit
0.2339630126953125,-0.082366943359375,-0.9862213134765625,3140,sit
0.227020263671875,-0.0872344970703125,-0.9825286865234375,3150,sit
0.21893310546875,-0.095184326171875,-0.9749755859375,3160,sit
0.2103271484375,-0.1057586669921875,-0.9695587158203125,3170,sit
0.2066650390625,-0.118194580078125,-0.97076416015625,3180,sit
0.2027435302734375,-0.133575439453125,-0.9756622314453125,3190,sit
0.2017364501953125,-0.1472625732421875,-0.9779510498046875,3200,sit
0.1974334716796875,-0.15887451171875,-0.97760009765625,3210,sit
0.19342041015625,-0.1632232666015625,-0.9767303466796875,3220,sit
0.186920166015625,-0.1626129150390625,-0.97796630859375,3230,sit
0.180389404296875,-0.1591033935546875,-0.9823760986328125,3240,sit
0.1720733642578125,-0.1531524658203125,-0.98443603515625,3250,sit
0.16302490234375,-0.1459503173828125,-0.98760986328125,3260,sit
0.153045654296875,-0.1358795166015625,-0.987274169921875,3270,sit
0.142669677734375,-0.12652587890625,-0.9849090576171875,3280,sit
0.1322174072265625,-0.119842529296875,-0.98394775390625,3290,sit
0.12261962890625,-0.1168212890625,-0.9864349365234375,3300,sit
0.1166534423828125,-0.1118316650390625,-0.9878082275390625,3310,sit
0.1112823486328125,-0.1096954345703125,-0.98541259765625,3320,sit
0.1079864501953125,-0.1088104248046875,-0.9847259521484375,3330,sit
0.109222412109375,-0.105194091796875,-0.9879150390625,3340,sit
0.1089935302734375,-0.1014862060546875,-0.992279052734375,3350,sit
0.11090087890625,-0.099365234375,-0.9938812255859375,3360,sit
0.116607666015625,-0.0990753173828125,-0.9952545166015625,3370,sit
0.1245269775390625,-0.1002197265625,-0.9936370849609375,3380,sit
0.1342926025390625,-0.1016845703125,-0.9912872314453125,3390,sit
0.14654541015625,-0.1063232421875,-0.98779296875,3400,sit
0.15692138671875,-0.1126556396484375,-0.985076904296875,3410,sit
0.1665496826171875,-0.119293212890625,-0.9844207763671875,3420,sit
0.1764373779296875,-0.1246185302734375,-0.9881439208984375,3430,sit
0.184173583984375,-0.1287689208984375,-0.9928436279296875,3440,sit
0.1883392333984375,-0.1303863525390625,-0.9967193603515625,3450,sit
0.1902923583984375,-0.1298370361328125,-1.0002593994140625,3460,sit
0.191802978515625,-0.1256866455078125,-1.00091552734375,3470,sit
0.19110107421875,-0.1179351806640625,-0.9965057373046875,3480,sit
0.189910888671875,-0.1118621826171875,-0.986297607421875,3490,sit
0.1849365234375,-0.1128997802734375,-0.977264404296875,3500,sit
0.179931640625,-0.1146240234375,-0.9706573486328125,3510,sit
0.1757354736328125,-0.11669921875,-0.967742919921875,3520,sit
0.1688690185546875,-0.120574951171875,-0.967926025390625,3530,sit
0.161041259765625,-0.1222381591796875,-0.967559814453125,3540,sit
0.15301513671875,-0.122039794921875,-0.968780517578125,3550,sit
0.1477203369140625,-0.119964599609375,-0.9731903076171875,3560,sit
0.142486572265625,-0.1204833984375,-0.97869873046875,3570,sit
0.1427764892578125,-0.121551513671875,-0.9880523681640625,3580,sit
0.1464080810546875,-0.1205291748046875,-0.9969329833984375,3590,sit
0.14947509765625,-0.1204071044921875,-0.9997100830078125,3600,sit
0.1547393798828125,-0.1188507080078125,-1.0013885498046875,3610,sit
0.1576690673828125,-0.11639404296875,-0.9999237060546875,3620,sit
0.149444580078125,-0.113433837890625,-0.9959564208984375,3630,sit
0.140716552734375,-0.109344482421875,-0.9915771484375,3640,sit
0.13446044921875,-0.098876953125,-0.9879302978515625,3650,sit
0.1289520263671875,-0.0869140625,-0.9888458251953125,3660,sit
0.1235809326171875,-0.0694427490234375,-0.983734130859375,3670,sit
0.12359619140625,-0.0549774169921875,-0.987945556640625,3680,sit
0.1211395263671875,-0.0517578125,-0.9937591552734375,3690,sit
0.12384033203125,-0.051605224609375,-1.0006866455078125,3700,sit
0.13177490234375,-0.053497314453125,-1.0089569091796875,3710,sit
0.13323974609375,-0.0655059814453125,-1.0060272216796875,3720,sit
0.138916015625,-0.0714874267578125,-0.9984893798828125,3730,sit
0.1445770263671875,-0.0796356201171875,-0.989990234375,3740,sit
0.1483917236328125,-0.08740234375,-0.98541259765625,3750,sit
0.1511688232421875,-0.08990478515625,-0.98358154296875,3760,sit
0.1553955078125,-0.091461181640625,-0.98187255859375,3770,sit
0.1570281982421875,-0.091766357421875,-0.9795379638671875,3780,sit
0.1582489013671875,-0.0924530029296875,-0.979522705078125,3790,sit
0.1594390869140625,-0.094024658203125,-0.982757568359375,3800,sit
0.1640777587890625,-0.0959014892578125,-0.985931396484375,3810,sit
0.166778564453125,-0.097320556640625,-0.987579345703125,3820,sit
0.1706085205078125,-0.0998687744140625,-0.9848175048828125,3830,sit
0.1731109619140625,-0.1003570556640625,-0.98565673828125,3840,sit
0.1748199462890625,-0.101409912109375,-0.9854736328125,3850,sit
0.17608642578125,-0.10223388671875,-0.98602294921875,3860,sit
0.176361083984375,-0.10345458984375,-0.986358642578125,3870,sit
0.173828125,-0.103515625,-0.9873809814453125,3880,sit
0.171905517578125,-0.102447509765625,-0.9877777099609375,3890,sit
0.168670654296875,-0.0997161865234375,-0.989013671875,3900,sit
0.164337158203125,-0.097503662109375,-0.9908599853515625,3910,sit
0.159759521484375,-0.095062255859375,-0.9921417236328125,3920,sit
0.1576690673828125,-0.0922088623046875,-0.993865966796875,3930,sit
0.1549835205078125,-0.0897979736328125,-0.992950439453125,3940,sit
0.151458740234375,-0.0889129638671875,-0.9921417236328125,3950,sit
0.14813232421875,-0.087982177734375,-0.9936370849609375,3960,sit
0.1489715576171875,-0.088470458984375,-1.0018463134765625,3970,sit
0.1459197998046875,-0.08172607421875,-0.996002197265625,3980,sit
0.1511993408203125,-0.0765228271484375,-0.9897918701171875,3990,sit
0.1463165283203125,-0.0831756591796875,-0.989654541015625,4000,sit
0.1467437744140625,-0.089813232421875,-0.99041748046875,4010,sit
0.1493072509765625,-0.09844970703125,-0.9913330078125,4020,sit
0.1538848876953125,-0.106689453125,-0.9902801513671875,4030,sit
0.1558685302734375,-0.1150970458984375,-0.9849395751953125,4040,sit
0.1569976806640625,-0.11956787109375,-0.9777984619140625,4050,sit
0.1633148193359375,-0.1171417236328125,-0.978729248046875,4060,sit
0.1661376953125,-0.11651611328125,-0.981048583984375,4070,sit
0.1666717529296875,-0.113555908203125,-0.984100341796875,4080,sit
0.1681365966796875,-0.1078948974609375,-0.9864044189453125,4090,sit
0.1687164306640625,-0.102874755859375,-0.988525390625,4100,sit
0.168121337890625,-0.0980377197265625,-0.9906005859375,4110,sit
0.16522216796875,-0.09698486328125,-0.990142822265625,4120,sit
0.1640472412109375,-0.094818115234375,-0.9869384765625,4130,sit
0.16253662109375,-0.095184326171875,-0.9831695556640625,4140,sit
0.161224365234375,-0.0964813232421875,-0.981109619140625,4150,sit
0.163177490234375,-0.09759521484375,-0.982177734375,4160,sit
0.166778564453125,-0.0966796875,-0.9866180419921875,4170,sit
0.16888427734375,-0.094390869140625,-0.9907073974609375,4180,sit
0.16680908203125,-0.0944671630859375,-0.993743896484375,4190,sit
0.1655731201171875,-0.0950927734375,-0.9928741455078125,4200,sit
0.1627655029296875,-0.0932159423828125,-0.991851806640625,4210,sit
0.1586456298828125,-0.09246826171875,-0.988739013671875,4220,sit
0.1554107666015625,-0.093994140625,-0.9851226806640625,4230,sit
0.1527252197265625,-0.0958099365234375,-0.9806671142578125,4240,sit
0.151519775390625,-0.0992584228515625,-0.9814453125,4250,sit
0.1519622802734375,-0.1019287109375,-0.9832763671875,4260,sit
0.1555938720703125,-0.0991973876953125,-0.986175537109375,4270,sit
0.15606689453125,-0.1005401611328125,-0.9918975830078125,4280,sit
0.1565704345703125,-0.100189208984375,-0.9983062744140625,4290,sit
0.1579132080078125,-0.0976715087890625,-0.99981689453125,4300,sit
0.1567230224609375,-0.096282958984375,-0.99932861328125,4310,sit
0.15777587890625,-0.09747314453125,-0.9972991943359375,4320,sit
0.157073974609375,-0.0993804931640625,-0.9936981201171875,4330,sit
0.155670166015625,-0.1015167236328125,-0.989105224609375,4340,sit
0.153717041015625,-0.105010986328125,-0.9853668212890625,4350,sit
0.1550750732421875,-0.108123779296875,-0.98223876953125,4360,sit
0.15631103515625,-0.10760498046875,-0.98321533203125,4370,sit
0.1589813232421875,-0.103546142578125,-0.9854888916015625,4380,sit
0.159637451171875,-0.1027374267578125,-0.9870758056640625,4390,sit
0.1600189208984375,-0.101715087890625,-0.98779296875,4400,sit
0.1595611572265625,-0.100494384765625,-0.99017333984375,4410,sit
0.157684326171875,-0.09857177734375,-0.9928741455078125,4420,sit
0.15716552734375,-0.094970703125,-0.99273681640625,4430,sit
0.1548614501953125,-0.09234619140625,-0.9924774169921875,4440,sit
0.1518096923828125,-0.0916595458984375,-0.98895263671875,4450,sit
0.149932861328125,-0.092041015625,-0.987152099609375,4460,sit
0.14794921875,-0.0937652587890625,-0.984893798828125,4470,sit
0.147857666015625,-0.095062255859375,-0.9871673583984375,4480,sit
0.1494903564453125,-0.0973968505859375,-0.9871368408203125,4490,sit
0.14947509765625,-0.0991363525390625,-0.98809814453125,4500,sit
0.1497650146484375,-0.0998382568359375,-0.988128662109375,4510,sit
0.151092529296875,-0.099029541015625,-0.9878997802734375,4520,sit
0.1514739990234375,-0.0985107421875,-0.9864959716796875,4530,sit
0.15472412109375,-0.097564697265625,-0.985809326171875,4540,sit
0.1590728759765625,-0.0976409912109375,-0.98541259765625,4550,sit
0.1605072021484375,-0.0999755859375,-0.983428955078125,4560,sit
0.16021728515625,-0.1010894775390625,-0.984130859375,4570,sit
0.160614013671875,-0.100799560546875,-0.9871673583984375,4580,sit
0.1605682373046875,-0.0992431640625,-0.991363525390625,4590,sit
0.160736083984375,-0.0963134765625,-0.992584228515625,4600,sit
0.1603851318359375,-0.0933990478515625,-0.9943695068359375,4610,sit
0.1588897705078125,-0.0923919677734375,-0.9931640625,4620,sit
0.1594390869140625,-0.093505859375,-0.990020751953125,4630,sit
0.1573944091796875,-0.09429931640625,-0.98809814453125,4640,sit
0.15869140625,-0.093597412109375,-0.9865264892578125,4650,sit
0.1604461669921875,-0.093353271484375,-0.9869842529296875,4660,sit
0.16046142578125,-0.0930938720703125,-0.98797607421875,4670,sit
0.1607818603515625,-0.0922088623046875,-0.987152099609375,4680,sit
0.15960693359375,-0.092193603515625,-0.986907958984375,4690,sit
0.1573028564453125,-0.0925750732421875,-0.9885711669921875,4700,sit
0.15484619140625,-0.093353271484375,-0.990631103515625,4710,sit
0.154510498046875,-0.091583251953125,-0.991485595703125,4720,sit
0.1534576416015625,-0.0915679931640625,-0.991973876953125,4730,sit
0.150360107421875,-0.0937652587890625,-0.9910125732421875,4740,sit
0.14935302734375,-0.0962677001953125,-0.988311767578125,4750,sit
0.148529052734375,-0.097076416015625,-0.9875946044921875,4760,sit
0.1486358642578125,-0.0982818603515625,-0.989532470703125,4770,sit
0.1501617431640625,-0.0976104736328125,-0.992584228515625,4780,sit
0.1526947021484375,-0.09600830078125,-0.9910430908203125,4790,sit
0.1545562744140625,-0.0950775146484375,-0.989471435546875,4800,sit
0.1560516357421875,-0.09503173828125,-0.9896240234375,4810,sit
0.158111572265625,-0.09478759765625,-0.98931884765625,4820,sit
0.16058349609375,-0.094879150390625,-0.990081787109375,4830,sit
0.1607513427734375,-0.095123291015625,-0.9912872314453125,4840,sit
0.1598358154296875,-0.09564208984375,-0.990509033203125,4850,sit
0.1600341796875,-0.0948638916015625,-0.988525390625,4860,sit
0.1598358154296875,-0.0937347412109375,-0.9867095947265625,4870,sit
0.1605987548828125,-0.0943603515625,-0.98516845703125,4880,sit
0.159515380859375,-0.094573974609375,-0.9857025146484375,4890,sit
0.1592254638671875,-0.096038818359375,-0.986572265625,4900,sit
0.1576385498046875,-0.097686767578125,-0.98968505859375,4910,sit
0.1590576171875,-0.0970001220703125,-0.9940643310546875,4920,sit
0.160858154296875,-0.093505859375,-0.9955291748046875,4930,sit
0.160614013671875,-0.0899505615234375,-0.99530029296875,4940,sit
0.1604766845703125,-0.088531494140625,-0.990447998046875,4950,sit
0.157958984375,-0.087921142578125,-0.9828948974609375,4960,sit
0.1575469970703125,-0.0874481201171875,-0.977264404296875,4970,sit
0.1580047607421875,-0.09002685546875,-0.974212646484375,4980,sit
0.1609954833984375,-0.0912628173828125,-0.97540283203125,4990,sit
0.16448974609375,-0.09271240234375,-0.9791412353515625,5000,sit
0.167327880859375,-0.0943756103515625,-0.9861907958984375,5010,sit
0.1705780029296875,-0.0964202880859375,-0.9905548095703125,5020,sit
0.1712188720703125,-0.09552001953125,-0.9944610595703125,5030,sit
0.173095703125,-0.0951080322265625,-0.994537353515625,5040,sit
0.17816162109375,-0.0922698974609375,-0.998016357421875,5050,sit
0.175048828125,-0.09002685546875,-0.9953155517578125,5060,sit
0.17645263671875,-0.085662841796875,-0.9884796142578125,5070,sit
0.1767425537109375,-0.087127685546875,-0.99072265625,5080,sit
0.166900634765625,-0.0904693603515625,-0.9881744384765625,5090,sit
0.1653900146484375,-0.08660888671875,-0.98370361328125,5100,sit
0.1618804931640625,-0.0844268798828125,-0.9819793701171875,5110,sit
0.15869140625,-0.0847930908203125,-0.98211669921875,5120,sit
0.153076171875,-0.0852203369140625,-0.984619140625,5130,sit
0.153106689453125,-0.0774688720703125,-0.9783172607421875,5140,sit
0.1728363037109375,-0.0646209716796875,-0.995941162109375,5150,sit
0.1552581787109375,-0.065582275390625,-0.9823150634765625,5160,sit
0.147552490234375,-0.0615997314453125,-0.9920196533203125,5170,sit
0.17352294921875,-0.02508544921875,-0.9931640625,5180,sit
0.170074462890625,0.001068115234375,-1.0020294189453125,5190,sit
0.1576690673828125,0.0107574462890625,-1.008056640625,5200,sit
0.1632537841796875,0.0205535888671875,-1.000244140625,5210,sit
0.16217041015625,0.004608154296875,-0.9935150146484375,5220,sit
0.14013671875,-0.02618408203125,-0.9914703369140625,5230,sit
0.13006591796875,-0.070159912109375,-0.986053466796875,5240,sit
0.1270599365234375,-0.1169281005859375,-0.971435546875,5250,sit
0.1389923095703125,-0.149139404296875,-0.9482879638671875,5260,sit
0.159637451171875,-0.1832427978515625,-0.947418212890625,5270,sit
0.1794891357421875,-0.1962738037109375,-0.9532470703125,5280,sit
0.1947479248046875,-0.189544677734375,-0.970916748046875,5290,sit
0.195709228515625,-0.1610870361328125,-0.9944000244140625,5300,sit
0.1902618408203125,-0.1171875,-1.01800537109375,5310,sit
0.1937408447265625,-0.07257080078125,-1.0224151611328125,5320,sit
0.1977691650390625,-0.0441131591796875,-1.0169219970703125,5330,sit
0.1932525634765625,-0.04229736328125,-1.00244140625,5340,sit
0.1920013427734375,-0.044830322265625,-0.9886932373046875,5350,sit
0.193023681640625,-0.053863525390625,-0.9854736328125,5360,sit
0.1935272216796875,-0.067230224609375,-0.993316650390625,5370,sit
0.1954498291015625,-0.0878143310546875,-1.0013885498046875,5380,sit
0.2004547119140625,-0.0971832275390625,-1.0040740966796875,5390,sit
0.2191314697265625,-0.08251953125,-1.004058837890625,5400,sit
0.222869873046875,-0.065399169921875,-1.00262451171875,5410,sit
0.21551513671875,-0.051055908203125,-0.9940185546875,5420,sit
0.2026519775390625,-0.038360595703125,-0.98480224609375,5430,sit
0.18292236328125,-0.0290069580078125,-0.975372314453125,5440,sit
0.1727294921875,-0.01800537109375,-0.9695892333984375,5450,sit
0.17059326171875,7.62939453125e-05,-0.965728759765625,5460,sit
0.1642608642578125,0.0089263916015625,-0.9680633544921875,5470,sit
0.1654205322265625,0.016510009765625,-0.9737396240234375,5480,sit
0.162628173828125,0.013275146484375,-0.9811553955078125,5490,sit
0.1519012451171875,0.003997802734375,-0.988128662109375,5500,sit
0.152496337890625,-0.000518798828125,-0.9959564208984375,5510,sit
0.1537628173828125,-0.0052490234375,-1.001495361328125,5520,sit
0.159942626953125,-0.0123138427734375,-1.004608154296875,5530,sit
0.1786041259765625,-0.0112762451171875,-1.0063629150390625,5540,sit
0.1923828125,-0.0085601806640625,-1.008636474609375,5550,sit
0.202789306640625,-0.009124755859375,-1.009674072265625,5560,sit
0.2099151611328125,-0.0063629150390625,-1.010650634765625,5570,sit
0.2082366943359375,-0.01287841796875,-1.0086822509765625,5580,sit
0.2026519775390625,-0.0269012451171875,-0.9987640380859375,5590,sit
0.1950225830078125,-0.04022216796875,-0.98675537109375,5600,sit
0.1842041015625,-0.0612335205078125,-0.974334716796875,5610,sit
0.1671600341796875,-0.0838775634765625,-0.9669036865234375,5620,sit
0.1498260498046875,-0.1058807373046875,-0.9649658203125,5630,sit
0.1370391845703125,-0.1166839599609375,-0.9655303955078125,5640,sit
0.124420166015625,-0.1277618408203125,-0.9837799072265625,5650,sit
0.1131744384765625,-0.1319732666015625,-0.990478515625,5660,sit
0.1105499267578125,-0.135986328125,-0.9994049072265625,5670,sit
0.110321044921875,-0.134979248046875,-0.99993896484375,5680,sit
0.1192626953125,-0.1286468505859375,-0.9926910400390625,5690,sit
0.1331024169921875,-0.1154022216796875,-0.993682861328125,5700,sit
0.1504058837890625,-0.09759521484375,-0.9931640625,5710,sit
0.1642303466796875,-0.0782470703125,-0.9945526123046875,5720,sit
0.167510986328125,-0.0594024658203125,-1.001617431640625,5730,sit
0.1685028076171875,-0.0394744873046875,-1.0083465576171875,5740,sit
0.164642333984375,-0.0254974365234375,-1.007904052734375,5750,sit
0.15582275390625,-0.018310546875,-0.9970855712890625,5760,sit
0.153045654296875,-0.01434326171875,-0.9847869873046875,5770,sit
0.150787353515625,-0.0156402587890625,-0.97296142578125,5780,sit
0.15374755859375,-0.0161895751953125,-0.9639129638671875,5790,sit
0.156036376953125,-0.0251007080078125,-0.9630889892578125,5800,sit
0.157196044921875,-0.0405426025390625,-0.9704437255859375,5810,sit
0.1609039306640625,-0.0505523681640625,-0.9817657470703125,5820,sit
0.1649169921875,-0.059661865234375,-0.99072265625,5830,sit
0.166015625,-0.0672149658203125,-0.9930877685546875,5840,sit
0.170074462890625,-0.0712890625,-0.99273681640625,5850,sit
0.1738739013671875,-0.0748443603515625,-0.98895263671875,5860,sit
0.1780548095703125,-0.0723876953125,-0.985992431640625,5870,sit
0.182861328125,-0.0711212158203125,-0.983856201171875,5880,sit
0.1880645751953125,-0.06903076171875,-0.9862518310546875,5890,sit
0.1862030029296875,-0.070159912109375,-0.9923858642578125,5900,sit
0.1890716552734375,-0.068328857421875,-0.998046875,5910,sit
0.1897735595703125,-0.0664825439453125,-1.002349853515625,5920,sit
0.1880645751953125,-0.0648193359375,-0.9987640380859375,5930,sit
0.1844482421875,-0.0624847412109375,-0.993438720703125,5940,sit
0.181915283203125,-0.0584716796875,-0.9861297607421875,5950,sit
0.181243896484375,-0.0557861328125,-0.97955322265625,5960,sit
0.175750732421875,-0.059234619140625,-0.9787139892578125,5970,sit
0.172149658203125,-0.06463623046875,-0.9820556640625,5980,sit
0.1709136962890625,-0.0706939697265625,-0.988189697265625,5990,sit
0.167694091796875,-0.07501220703125,-0.995635986328125,6000,sit
-0.1623687744140625,0.1864166259765625,-0.881866455078125,500,sit
-0.1440582275390625,0.2081146240234375,-0.8117523193359375,510,sit
-0.129791259765625,0.200469970703125,-0.75506591796875,520,sit
-0.127349853515625,0.153167724609375,-0.778076171875,530,sit
-0.1191558837890625,0.094390869140625,-0.855377197265625,540,sit
-0.1263427734375,0.03192138671875,-0.9830780029296875,550,sit
-0.1511077880859375,-0.0223236083984375,-1.1287994384765625,560,sit
-0.178741455078125,-0.048187255859375,-1.212738037109375,570,sit
-0.19268798828125,-0.0457916259765625,-1.2513427734375,580,sit
-0.1844024658203125,-0.0251922607421875,-1.2180938720703125,590,sit
-0.1817626953125,-0.00665283203125,-1.1428680419921875,600,sit
-0.170623779296875,0.012603759765625,-1.0400543212890625,610,sit
-0.1567230224609375,0.02325439453125,-0.9304656982421875,620,sit
-0.1452178955078125,0.02667236328125,-0.864410400390625,630,sit
-0.127532958984375,0.039947509765625,-0.841949462890625,640,sit
-0.1023406982421875,0.0679931640625,-0.8431396484375,650,sit
-0.08203125,0.0743560791015625,-0.9093170166015625,660,sit
-0.0641632080078125,0.0618896484375,-1.017333984375,670,sit
-0.0289764404296875,0.052978515625,-1.104248046875,680,sit
0.0127716064453125,0.0436859130859375,-1.14764404296875,690,sit
0.050811767578125,0.0370635986328125,-1.157623291015625,700,sit
0.0753326416015625,0.0318603515625,-1.15179443359375,710,sit
0.07928466796875,0.028900146484375,-1.1301116943359375,720,sit
0.068084716796875,0.0280609130859375,-1.088134765625,730,sit
0.03729248046875,0.0274658203125,-1.039703369140625,740,sit
-0.0005645751953125,0.02978515625,-0.998748779296875,750,sit
-0.035980224609375,0.028411865234375,-0.971923828125,760,sit
-0.059417724609375,0.0245208740234375,-0.9546051025390625,770,sit
-0.0741424560546875,0.0202789306640625,-0.954071044921875,780,sit
-0.08685302734375,0.0107421875,-0.9648284912109375,790,sit
-0.1014862060546875,-0.0098876953125,-0.979522705078125,800,sit
-0.12139892578125,-0.037261962890625,-1.00543212890625,810,sit
-0.1358184814453125,-0.0578765869140625,-1.039764404296875,820,sit
-0.1236114501953125,-0.0666656494140625,-1.048980712890625,830,sit
-0.0924530029296875,-0.059783935546875,-1.0277862548828125,840,sit
-0.0715484619140625,-0.0334930419921875,-0.991973876953125,850,sit
-0.0843353271484375,-0.0097808837890625,-0.9937744140625,860,sit
-0.0887451171875,0.022552490234375,-0.9841156005859375,870,sit
-0.1027069091796875,0.02850341796875,-0.9765625,880,sit
-0.1192779541015625,0.01275634765625,-0.9969024658203125,890,sit
-0.11004638671875,-0.006591796875,-1.010955810546875,900,sit
-0.0843048095703125,-0.018218994140625,-1.00762939453125,910,sit
-0.0593719482421875,-0.01837158203125,-1.0035858154296875,920,sit
-0.047119140625,-0.0145416259765625,-1.009857177734375,930,sit
-0.054534912109375,-0.00946044921875,-1.0234375,940,sit
-0.0712738037109375,-0.0001220703125,-1.037811279296875,950,sit
-0.0917510986328125,0.008514404296875,-1.0324859619140625,960,sit
-0.1207733154296875,0.0060272216796875,-1.017974853515625,970,sit
-0.136688232421875,0.0065460205078125,-1.012847900390625,980,sit
-0.1344757080078125,0.0172882080078125,-1.0080108642578125,990,sit
-0.1204833984375,0.018096923828125,-1.001617431640625,1000,sit
-0.1046295166015625,0.0098724365234375,-0.9951324462890625,1010,sit
-0.0911102294921875,0.004852294921875,-0.9897918701171875,1020,sit
-0.088531494140625,0.00103759765625,-0.9855194091796875,1030,sit
-0.089080810546875,0.0032958984375,-0.9866943359375,1040,sit
-0.0928955078125,0.009033203125,-0.9878997802734375,1050,sit
-0.1059417724609375,0.01422119140625,-0.9886016845703125,1060,sit
-0.11602783203125,0.02117919921875,-0.9896392822265625,1070,sit
-0.11993408203125,0.022369384765625,-0.9869842529296875,1080,sit
-0.1224822998046875,0.025238037109375,-0.981475830078125,1090,sit
-0.12109375,0.0280609130859375,-0.977691650390625,1100,sit
-0.1164093017578125,0.0278167724609375,-0.9775238037109375,1110,sit
-0.1132965087890625,0.031402587890625,-0.983489990234375,1120,sit
-0.1008758544921875,0.0642242431640625,-0.98516845703125,1130,sit
-0.082183837890625,0.0840911865234375,-1.0037078857421875,1140,sit
-0.0701446533203125,0.0326080322265625,-1.0142974853515625,1150,sit
-0.06805419921875,0.0497894287109375,-1.014007568359375,1160,sit
-0.050933837890625,0.105804443359375,-1.0305328369140625,1170,sit
-0.055084228515625,0.07281494140625,-1.0385894775390625,1180,sit
-0.0731353759765625,0.045135498046875,-1.020172119140625,1190,sit
-0.0844268798828125,0.064788818359375,-1.0120391845703125,1200,sit
-0.078033447265625,0.06671142578125,-0.992462158203125,1210,sit
-0.0877685546875,0.0456695556640625,-0.9771881103515625,1220,sit
-0.0928192138671875,0.028411865234375,-0.9706573486328125,1230,sit
-0.0904998779296875,0.0151519775390625,-0.9637451171875,1240,sit
-0.083343505859375,0.042633056640625,-0.9736785888671875,1250,sit
-0.08428955078125,0.032012939453125,-0.9859771728515625,1260,sit
-0.0911865234375,0.0121612548828125,-0.98956298828125,1270,sit
-0.1065826416015625,0.0201568603515625,-1.009674072265625,1280,sit
-0.095458984375,0.0447998046875,-1.0193939208984375,1290,sit
-0.0837249755859375,0.0566558837890625,-1.0194854736328125,1300,sit
-0.08111572265625,0.048858642578125,-1.0093536376953125,1310,sit
-0.0879974365234375,0.0313262939453125,-1.0073394775390625,1320,sit
-0.093658447265625,0.0198822021484375,-1.0028839111328125,1330,sit
-0.1020050048828125,0.0280609130859375,-1.0077972412109375,1340,sit
-0.10791015625,0.0367584228515625,-1.01043701171875,1350,sit
-0.111572265625,0.0495758056640625,-1.0063934326171875,1360,sit
-0.1090545654296875,0.056915283203125,-1.0011749267578125,1370,sit
-0.106903076171875,0.0498809814453125,-0.9965057373046875,1380,sit
-0.102020263671875,0.04248046875,-0.9968109130859375,1390,sit
-0.0967864990234375,0.03765869140625,-0.9947357177734375,1400,sit
-0.0906524658203125,0.039642333984375,-0.9945526123046875,1410,sit
-0.0897979736328125,0.0422821044921875,-0.9992828369140625,1420,sit
-0.0929718017578125,0.0457000732421875,-1.0009613037109375,1430,sit
-0.0994720458984375,0.0487823486328125,-1.0015106201171875,1440,sit
-0.104400634765625,0.050140380859375,-1.0050811767578125,1450,sit
-0.102752685546875,0.0529327392578125,-1.010406494140625,1460,sit
-0.0960235595703125,0.050628662109375,-1.009735107421875,1470,sit
-0.0901336669921875,0.044677734375,-1.0064239501953125,1480,sit
-0.0880889892578125,0.04156494140625,-1.0037689208984375,1490,sit
-0.085845947265625,0.0413665771484375,-1.0045623779296875,1500,sit
-0.0853271484375,0.04290771484375,-1.0044097900390625,1510,sit
-0.0875396728515625,0.043792724609375,-1.0013427734375,1520,sit
-0.0895538330078125,0.04150390625,-1.000579833984375,1530,sit
-0.0849609375,0.0386505126953125,-1.001190185546875,1540,sit
-0.08929443359375,0.0419464111328125,-0.9940948486328125,1550,sit
-0.1060791015625,0.04742431640625,-0.9898529052734375,1560,sit
-0.114959716796875,0.0460357666015625,-0.9886932373046875,1570,sit
-0.115234375,0.0421905517578125,-0.985382080078125,1580,sit
-0.112701416015625,0.041961669921875,-0.984130859375,1590,sit
-0.1138916015625,0.0432281494140625,-0.9849090576171875,1600,sit
-0.1153717041015625,0.0478973388671875,-0.9911346435546875,1610,sit
-0.1119842529296875,0.0597381591796875,-0.9964447021484375,1620,sit
-0.10467529296875,0.0652313232421875,-0.9970550537109375,1630,sit
-0.096160888671875,0.063140869140625,-0.99920654296875,1640,sit
-0.088653564453125,0.0601959228515625,-0.998931884765625,1650,sit
-0.0810699462890625,0.0550689697265625,-1.000579833984375,1660,sit
-0.080535888671875,0.0436248779296875,-1.005859375,1670,sit
-0.0809173583984375,0.035186767578125,-1.0066986083984375,1680,sit
-0.0808868408203125,0.0347747802734375,-1.0052490234375,1690,sit
-0.0872802734375,0.0347137451171875,-1.0010223388671875,1700,sit
-0.0911407470703125,0.035675048828125,-0.9947662353515625,1710,sit
-0.0926666259765625,0.0390472412109375,-0.9936065673828125,1720,sit
-0.088165283203125,0.0435028076171875,-0.994842529296875,1730,sit
-0.0858154296875,0.04541015625,-0.997467041015625,1740,sit
-0.086273193359375,0.045013427734375,-1.001251220703125,1750,sit
-0.0879058837890625,0.0421295166015625,-1.0008392333984375,1760,sit
-0.08746337890625,0.0372772216796875,-1.0008544921875,1770,sit
-0.09197998046875,0.0374603271484375,-1.0057525634765625,1780,sit
-0.0943450927734375,0.042694091796875,-1.006378173828125,1790,sit
-0.09259033203125,0.0442047119140625,-1.0040740966796875,1800,sit
-0.0924072265625,0.0437469482421875,-1.0027313232421875,1810,sit
-0.0882110595703125,0.0452880859375,-1.0005035400390625,1820,sit
-0.0854644775390625,0.0461273193359375,-0.9996490478515625,1830,sit
-0.0870208740234375,0.0459747314453125,-0.9980926513671875,1840,sit
-0.0891571044921875,0.0474853515625,-0.9977569580078125,1850,sit
-0.0919036865234375,0.0504302978515625,-0.99951171875,1860,sit
-0.09149169921875,0.0494537353515625,-0.9983978271484375,1870,sit
-0.09637451171875,0.0458221435546875,-0.9929656982421875,1880,sit
-0.1073455810546875,0.0450897216796875,-0.988800048828125,1890,sit
-0.11260986328125,0.0505523681640625,-0.990936279296875,1900,sit
-0.10980224609375,0.0517120361328125,-0.99871826171875,1910,sit
-0.1006927490234375,0.0472564697265625,-1.005584716796875,1920,sit
-0.0872344970703125,0.044219970703125,-1.0099334716796875,1930,sit
-0.0791778564453125,0.042205810546875,-1.010528564453125,1940,sit
-0.074554443359375,0.0410308837890625,-1.0127410888671875,1950,sit
-0.073577880859375,0.0443878173828125,-1.013671875,1960,sit
-0.0719451904296875,0.0444488525390625,-1.012115478515625,1970,sit
-0.0726470947265625,0.041839599609375,-1.0127105712890625,1980,sit
-0.0750274658203125,0.04290771484375,-1.008880615234375,1990,sit
-0.081817626953125,0.040435791015625,-1.0019989013671875,2000,sit
-0.08856201171875,0.0318145751953125,-0.99114990234375,2010,sit
-0.0970306396484375,0.0221099853515625,-0.97662353515625,2020,sit
-0.1063690185546875,0.0300750732421875,-0.9722900390625,2030,sit
-0.1144561767578125,0.035552978515625,-0.9775543212890625,2040,sit
-0.11578369140625,0.034149169921875,-0.9806365966796875,2050,sit
-0.1120758056640625,0.0477294921875,-0.988189697265625,2060,sit
-0.09686279296875,0.05487060546875,-1.000030517578125,2070,sit
-0.08416748046875,0.0459747314453125,-1.009735107421875,2080,sit
-0.07513427734375,0.03619384765625,-1.0102996826171875,2090,sit
-0.076446533203125,0.029571533203125,-1.005523681640625,2100,sit
-0.0844879150390625,0.0279998779296875,-0.99859619140625,2110,sit
-0.094024658203125,0.0300750732421875,-0.9939727783203125,2120,sit
-0.0980682373046875,0.0338897705078125,-0.994140625,2130,sit
-0.096466064453125,0.0368499755859375,-0.995147705078125,2140,sit
-0.0936126708984375,0.0392608642578125,-0.998077392578125,2150,sit
-0.0878753662109375,0.039947509765625,-1.0025177001953125,2160,sit
-0.08111572265625,0.036376953125,-1.005645751953125,2170,sit
-0.078094482421875,0.0344390869140625,-1.0029754638671875,2180,sit
-0.0818023681640625,0.033966064453125,-0.9996185302734375,2190,sit
-0.0842132568359375,0.0353546142578125,-0.998077392578125,2200,sit
-0.0876922607421875,0.034027099609375,-0.997314453125,2210,sit
-0.09320068359375,0.034271240234375,-0.995513916015625,2220,sit
-0.0960235595703125,0.0367889404296875,-0.9953460693359375,2230,sit
-0.0947113037109375,0.0385589599609375,-0.9986419677734375,2240,sit
-0.0904998779296875,0.0389404296875,-1.00054931640625,2250,sit
-0.088409423828125,0.0357208251953125,-1.0015716552734375,2260,sit
-0.0848236083984375,0.034637451171875,-1.003173828125,2270,sit
-0.084442138671875,0.0372161865234375,-1.00323486328125,2280,sit
-0.083892822265625,0.0382843017578125,-1.001739501953125,2290,sit
-0.0837554931640625,0.03509521484375,-0.9991302490234375,2300,sit
-0.0870819091796875,0.0335845947265625,-0.997650146484375,2310,sit
-0.0889892578125,0.032623291015625,-0.9982147216796875,2320,sit
-0.0923919677734375,0.032257080078125,-0.998321533203125,2330,sit
-0.093109130859375,0.0342864990234375,-1.000518798828125,2340,sit
-0.0911712646484375,0.037933349609375,-0.999755859375,2350,sit
-0.08892822265625,0.037567138671875,-0.9987640380859375,2360,sit
-0.0902862548828125,0.0304412841796875,-0.9960174560546875,2370,sit
-0.09222412109375,0.031524658203125,-0.9956207275390625,2380,sit
-0.0910797119140625,0.0395965576171875,-0.996978759765625,2390,sit
-0.0894622802734375,0.045318603515625,-0.9984130859375,2400,sit
-0.0869140625,0.047607421875,-0.99798583984375,2410,sit
-0.084503173828125,0.0470428466796875,-1.000091552734375,2420,sit
-0.0820770263671875,0.045013427734375,-1.004913330078125,2430,sit
-0.0787811279296875,0.042938232421875,-1.00537109375,2440,sit
-0.082733154296875,0.0397186279296875,-1.000701904296875,2450,sit
-0.0885772705078125,0.038848876953125,-0.9973907470703125,2460,sit
-0.0930023193359375,0.0359039306640625,-0.9976959228515625,2470,sit
-0.0940704345703125,0.0374298095703125,-0.9974822998046875,2480,sit
-0.091400146484375,0.0404815673828125,-0.99871826171875,2490,sit
-0.0873565673828125,0.04132080078125,-0.99993896484375,2500,sit
-0.0814666748046875,0.0414581298828125,-1.00140380859375,2510,sit
-0.0799560546875,0.0421295166015625,-1.002685546875,2520,sit
-0.082550048828125,0.0411376953125,-1.0008392333984375,2530,sit
-0.086761474609375,0.039520263671875,-0.997589111328125,2540,sit
-0.08990478515625,0.037017822265625,-0.9958953857421875,2550,sit
-0.0925445556640625,0.0346221923828125,-0.9970550537109375,2560,sit
-0.0923919677734375,0.034454345703125,-0.996856689453125,2570,sit
-0.08941650390625,0.0349578857421875,-0.997314453125,2580,sit
-0.0876312255859375,0.03497314453125,-0.998931884765625,2590,sit
-0.08648681640625,0.035858154296875,-1.0001678466796875,2600,sit
-0.0821990966796875,0.03759765625,-1.0013580322265625,2610,sit
-0.0829010009765625,0.038421630859375,-1.0017242431640625,2620,sit
-0.0836944580078125,0.0381317138671875,-1.0021820068359375,2630,sit
-0.0832366943359375,0.0362701416015625,-1.00445556640625,2640,sit
-0.0846099853515625,0.036346435546875,-1.0003662109375,2650,sit
-0.0873260498046875,0.0365753173828125,-1.0,2660,sit
-0.0861968994140625,0.0398101806640625,-0.9991912841796875,2670,sit
-0.0920867919921875,0.0413818359375,-0.9967498779296875,2680,sit
-0.0951690673828125,0.0440826416015625,-0.9930877685546875,2690,sit
-0.0989532470703125,0.0447998046875,-0.9925384521484375,2700,sit
-0.096923828125,0.04522705078125,-0.99505615234375,2710,sit
-0.0946044921875,0.0451507568359375,-0.99615478515625,2720,sit
-0.0934600830078125,0.045166015625,-0.9974365234375,2730,sit
-0.088134765625,0.044586181640625,-1.0040283203125,2740,sit
-0.0811614990234375,0.0438079833984375,-1.0073699951171875,2750,sit
-0.0767059326171875,0.0424041748046875,-1.0055999755859375,2760,sit
-0.07623291015625,0.03961181640625,-1.000518798828125,2770,sit
-0.080169677734375,0.0364532470703125,-0.9975433349609375,2780,sit
-0.086700439453125,0.0360565185546875,-0.9968719482421875,2790,sit
-0.08941650390625,0.039520263671875,-0.9977874755859375,2800,sit
-0.0877838134765625,0.0405120849609375,-0.997406005859375,2810,sit
-0.0865478515625,0.0386810302734375,-0.9953460693359375,2820,sit
-0.0837860107421875,0.04022216796875,-0.9995269775390625,2830,sit
-0.081756591796875,0.04376220703125,-1.0003662109375,2840,sit
-0.0792083740234375,0.045318603515625,-1.0021209716796875,2850,sit
-0.0794219970703125,0.04388427734375,-1.002593994140625,2860,sit
-0.0814056396484375,0.0407257080078125,-1.0016937255859375,2870,sit
-0.0859832763671875,0.03961181640625,-0.99713134765625,2880,sit
-0.088623046875,0.040435791015625,-0.99737548828125,2890,sit
-0.089508056640625,0.03887939453125,-0.9982757568359375,2900,sit
-0.0890350341796875,0.038299560546875,-0.99810791015625,2910,sit
-0.0868377685546875,0.04052734375,-0.9992523193359375,2920,sit
-0.0857086181640625,0.0402374267578125,-1.0014190673828125,2930,sit
-0.0856781005859375,0.040283203125,-1.0031890869140625,2940,sit
-0.0850830078125,0.0409088134765625,-1.002471923828125,2950,sit
-0.0851593017578125,0.03997802734375,-1.000030517578125,2960,sit
-0.08746337890625,0.038818359375,-0.9994354248046875,2970,sit
-0.085479736328125,0.038909912109375,-1.00048828125,2980,sit
-0.0834503173828125,0.0408782958984375,-1.002197265625,2990,sit
-0.0838623046875,0.0411834716796875,-1.0031280517578125,3000,sit
-0.0847015380859375,0.04278564453125,-1.000823974609375,3010,sit
-0.08636474609375,0.0429229736328125,-0.99761962890625,3020,sit
-0.0847930908203125,0.038818359375,-0.99798583984375,3030,sit
-0.0836334228515625,0.03656005859375,-0.9978790283203125,3040,sit
-0.0855560302734375,0.0368194580078125,-0.998809814453125,3050,sit
-0.0872344970703125,0.0370941162109375,-1.0016326904296875,3060,sit
-0.08648681640625,0.0399169921875,-1.002899169921875,3070,sit
-0.0861663818359375,0.042877197265625,-1.00030517578125,3080,sit
-0.0867767333984375,0.040435791015625,-0.9957122802734375,3090,sit
-0.0905303955078125,0.0363922119140625,-0.9940643310546875,3100,sit
-0.09356689453125,0.0404205322265625,-0.9957733154296875,3110,sit
-0.0931243896484375,0.0435333251953125,-0.9969329833984375,3120,sit
-0.088897705078125,0.0403900146484375,-1.0006256103515625,3130,sit
-0.083984375,0.0401458740234375,-1.0025634765625,3140,sit
-0.0821380615234375,0.039093017578125,-1.00079345703125,3150,sit
-0.082244873046875,0.0357513427734375,-0.999298095703125,3160,sit
-0.083984375,0.0324554443359375,-1.00018310546875,3170,sit
-0.085784912109375,0.03216552734375,-0.9991455078125,3180,sit
-0.0858612060546875,0.0337677001953125,-1.000152587890625,3190,sit
-0.08544921875,0.034942626953125,-0.999847412109375,3200,sit
-0.0861968994140625,0.0370330810546875,-0.9995574951171875,3210,sit
-0.084136962890625,0.0369415283203125,-1.0035858154296875,3220,sit
-0.081207275390625,0.036712646484375,-1.003692626953125,3230,sit
-0.08050537109375,0.0379180908203125,-1.0017547607421875,3240,sit
-0.08587646484375,0.037628173828125,-0.9996795654296875,3250,sit
-0.088287353515625,0.0360107421875,-1.0000152587890625,3260,sit
-0.08575439453125,0.036651611328125,-0.99945068359375,3270,sit
-0.0847930908203125,0.033477783203125,-0.998504638671875,3280,sit
-0.0849761962890625,0.0331878662109375,-0.9976654052734375,3290,sit
-0.0862884521484375,0.0361175537109375,-0.9981842041015625,3300,sit
-0.0884857177734375,0.038543701171875,-0.9976043701171875,3310,sit
-0.0913238525390625,0.0390472412109375,-0.996734619140625,3320,sit
-0.091094970703125,0.0359649658203125,-0.997802734375,3330,sit
-0.09124755859375,0.0348968505859375,-0.9983673095703125,3340,sit
-0.08990478515625,0.0374755859375,-1.0008087158203125,3350,sit
-0.0901336669921875,0.0396270751953125,-1.0010986328125,3360,sit
-0.0916595458984375,0.0398101806640625,-0.9996795654296875,3370,sit
-0.091705322265625,0.038787841796875,-0.9983367919921875,3380,sit
-0.0910491943359375,0.0379180908203125,-0.999267578125,3390,sit
-0.0890655517578125,0.0391998291015625,-0.9993438720703125,3400,sit
-0.086944580078125,0.036590576171875,-0.9991607666015625,3410,sit
-0.087615966796875,0.0344696044921875,-0.9981231689453125,3420,sit
-0.0875091552734375,0.034210205078125,-0.998260498046875,3430,sit
-0.0896148681640625,0.0340576171875,-0.99859619140625,3440,sit
-0.091644287109375,0.0351715087890625,-0.9993743896484375,3450,sit
-0.0915679931640625,0.0396270751953125,-0.997467041015625,3460,sit
-0.09197998046875,0.0400390625,-0.9954681396484375,3470,sit
-0.091094970703125,0.0400390625,-0.9962615966796875,3480,sit
-0.08917236328125,0.04034423828125,-0.999664306640625,3490,sit
-0.0879058837890625,0.0408477783203125,-1.0032806396484375,3500,sit
-0.08673095703125,0.0389556884765625,-1.0033111572265625,3510,sit
-0.085205078125,0.034210205078125,-1.0015716552734375,3520,sit
-0.0887298583984375,0.0298004150390625,-1.00067138671875,3530,sit
-0.08917236328125,0.0301666259765625,-1.0002593994140625,3540,sit
-0.091705322265625,0.0323638916015625,-0.998870849609375,3550,sit
-0.0934295654296875,0.034637451171875,-0.9999237060546875,3560,sit
-0.0913848876953125,0.0352020263671875,-0.99951171875,3570,sit
-0.0888824462890625,0.03460693359375,-1.0003814697265625,3580,sit
-0.0885467529296875,0.0363616943359375,-1.0000152587890625,3590,sit
-0.0879364013671875,0.0384674072265625,-0.9998779296875,3600,sit
-0.0874786376953125,0.038665771484375,-0.997589111328125,3610,sit
-0.090423583984375,0.0364837646484375,-0.9948883056640625,3620,sit
-0.0933685302734375,0.0355377197265625,-0.9955596923828125,3630,sit
-0.0937042236328125,0.037841796875,-1.000244140625,3640,sit
-0.0888519287109375,0.039520263671875,-1.002410888671875,3650,sit
-0.087982177734375,0.0359649658203125,-0.9998626708984375,3660,sit
-0.09033203125,0.0342559814453125,-0.9978179931640625,3670,sit
-0.091796875,0.0359954833984375,-0.997833251953125,3680,sit
-0.092437744140625,0.0370941162109375,-0.9986724853515625,3690,sit
-0.091064453125,0.0359039306640625,-0.9999237060546875,3700,sit
-0.0906524658203125,0.0341033935546875,-1.00103759765625,3710,sit
-0.0890960693359375,0.0359344482421875,-0.998992919921875,3720,sit
-0.0917510986328125,0.0350189208984375,-0.9989013671875,3730,sit
-0.094482421875,0.0360870361328125,-0.9974365234375,3740,sit
-0.09307861328125,0.0372772216796875,-0.9968719482421875,3750,sit
-0.092132568359375,0.0366363525390625,-0.9972991943359375,3760,sit
-0.0901336669921875,0.0352630615234375,-0.9990386962890625,3770,sit
-0.0888824462890625,0.0363922119140625,-1.0020599365234375,3780,sit
-0.0873565673828125,0.035888671875,-1.001251220703125,3790,sit
-0.0888671875,0.03302001953125,-0.9994354248046875,3800,sit
-0.0918121337890625,0.03338623046875,-0.998870849609375,3810,sit
-0.09173583984375,0.0334930419921875,-0.9986572265625,3820,sit
-0.0925750732421875,0.03424072265625,-0.998443603515625,3830,sit
-0.0928497314453125,0.0361328125,-0.99884033203125,3840,sit
-0.0923004150390625,0.0379486083984375,-0.9993896484375,3850,sit
-0.09063720703125,0.036865234375,-1.0010223388671875,3860,sit
-0.0897979736328125,0.037445068359375,-1.0011444091796875,3870,sit
-0.08770751953125,0.0375213623046875,-1.0037994384765625,3880,sit
-0.08795166015625,0.0360260009765625,-1.00250244140625,3890,sit
-0.08935546875,0.033233642578125,-0.999359130859375,3900,sit
-0.09381103515625,0.034454345703125,-0.997406005859375,3910,sit
-0.09552001953125,0.038055419921875,-0.996826171875,3920,sit
-0.0938262939453125,0.0374755859375,-0.998626708984375,3930,sit
-0.0902862548828125,0.03631591796875,-0.9992218017578125,3940,sit
-0.0895843505859375,0.0360107421875,-0.9988250732421875,3950,sit
-0.0909881591796875,0.03643798828125,-0.9983367919921875,3960,sit
-0.09259033203125,0.035400390625,-0.9969940185546875,3970,sit
-0.0921630859375,0.0352630615234375,-0.9964752197265625,3980,sit
-0.0926971435546875,0.034332275390625,-0.998260498046875,3990,sit
-0.0924224853515625,0.0365142822265625,-0.9998321533203125,4000,sit
-0.0908660888671875,0.037445068359375,-1.0009002685546875,4010,sit
-0.088531494140625,0.0368194580078125,-1.001007080078125,4020,sit
-0.089752197265625,0.0368499755859375,-1.0017852783203125,4030,sit
-0.0909423828125,0.0361480712890625,-0.9989013671875,4040,sit
-0.0924072265625,0.034759521484375,-0.997955322265625,4050,sit
-0.0930633544921875,0.0345611572265625,-0.9979705810546875,4060,sit
-0.092681884765625,0.03466796875,-0.9969635009765625,4070,sit
-0.0927734375,0.0352325439453125,-0.996734619140625,4080,sit
-0.0922088623046875,0.03656005859375,-0.997589111328125,4090,sit
-0.091461181640625,0.03631591796875,-0.9999847412109375,4100,sit
-0.0930633544921875,0.0363311767578125,-0.99920654296875,4110,sit
-0.09417724609375,0.035980224609375,-1.0001678466796875,4120,sit
-0.09344482421875,0.03692626953125,-1.0,4130,sit
-0.0929107666015625,0.03570556640625,-1.0009765625,4140,sit
-0.091522216796875,0.0350341796875,-1.0007171630859375,4150,sit
-0.091400146484375,0.032440185546875,-1.002044677734375,4160,sit
-0.0939788818359375,0.0317535400390625,-0.9992523193359375,4170,sit
-0.09375,0.0339202880859375,-0.9967041015625,4180,sit
-0.0953826904296875,0.0326385498046875,-0.9979248046875,4190,sit
-0.0930328369140625,0.0322723388671875,-0.9977264404296875,4200,sit
-0.09197998046875,0.0343170166015625,-0.996551513671875,4210,sit
-0.0916748046875,0.03582763671875,-0.9977874755859375,4220,sit
-0.0929412841796875,0.038665771484375,-0.9993743896484375,4230,sit
-0.094268798828125,0.039306640625,-1.0005035400390625,4240,sit
-0.0941314697265625,0.03802490234375,-0.99908447265625,4250,sit
-0.0942535400390625,0.036712646484375,-0.999359130859375,4260,sit
-0.093353271484375,0.037261962890625,-0.998931884765625,4270,sit
-0.09222412109375,0.0373382568359375,-0.998779296875,4280,sit
-0.091094970703125,0.038177490234375,-0.9981689453125,4290,sit
-0.0913543701171875,0.0371856689453125,-0.9990081787109375,4300,sit
-0.0906829833984375,0.0343017578125,-0.997772216796875,4310,sit
-0.0918121337890625,0.0329437255859375,-0.99774169921875,4320,sit
-0.092498779296875,0.0342864990234375,-0.9989776611328125,4330,sit
-0.0935516357421875,0.034820556640625,-0.9980621337890625,4340,sit
-0.095550537109375,0.034942626953125,-0.9969482421875,4350,sit
-0.094818115234375,0.0343780517578125,-0.9990081787109375,4360,sit
-0.09295654296875,0.0364990234375,-1.0,4370,sit
-0.093414306640625,0.035369873046875,-0.999359130859375,4380,sit
-0.0936126708984375,0.0340118408203125,-0.999755859375,4390,sit
-0.0937347412109375,0.0337982177734375,-0.99993896484375,4400,sit
-0.0947418212890625,0.031463623046875,-0.9991455078125,4410,sit
-0.093902587890625,0.03271484375,-1.0001068115234375,4420,sit
-0.0941162109375,0.0365142822265625,-1.0011444091796875,4430,sit
-0.0928497314453125,0.0362701416015625,-0.9991302490234375,4440,sit
-0.09356689453125,0.0350189208984375,-0.9986114501953125,4450,sit
-0.09539794921875,0.034393310546875,-0.9970703125,4460,sit
-0.095123291015625,0.036895751953125,-0.9987945556640625,4470,sit
-0.092681884765625,0.03533935546875,-0.999847412109375,4480,sit
-0.0916595458984375,0.0322113037109375,-0.9987030029296875,4490,sit
-0.0921783447265625,0.0321502685546875,-0.9978485107421875,4500,sit
-0.0942535400390625,0.0343780517578125,-0.9964141845703125,4510,sit
-0.0956573486328125,0.035430908203125,-0.9980621337890625,4520,sit
-0.095123291015625,0.0359039306640625,-0.9987335205078125,4530,sit
-0.09356689453125,0.0348968505859375,-0.9989013671875,4540,sit
-0.093780517578125,0.034149169921875,-0.9982147216796875,4550,sit
-0.093841552734375,0.0364837646484375,-1.000946044921875,4560,sit
-0.09368896484375,0.03607177734375,-1.0008697509765625,4570,sit
-0.094696044921875,0.03289794921875,-0.999420166015625,4580,sit
-0.09405517578125,0.032684326171875,-0.9962005615234375,4590,sit
-0.096527099609375,0.034088134765625,-0.997833251953125,4600,sit
-0.096343994140625,0.0360870361328125,-0.9997100830078125,4610,sit
-0.0923919677734375,0.0353546142578125,-1.0001220703125,4620,sit
-0.090972900390625,0.033355712890625,-0.99847412109375,4630,sit
-0.0915374755859375,0.0342559814453125,-0.9972381591796875,4640,sit
-0.0942840576171875,0.0350494384765625,-0.9976654052734375,4650,sit
-0.096221923828125,0.037017822265625,-0.9996795654296875,4660,sit
-0.0952606201171875,0.035064697265625,-0.9988861083984375,4670,sit
-0.0935516357421875,0.0330963134765625,-0.9987030029296875,4680,sit
-0.09307861328125,0.0338287353515625,-0.998260498046875,4690,sit
-0.0958404541015625,0.037139892578125,-0.997711181640625,4700,sit
-0.0965728759765625,0.0380096435546875,-0.99993896484375,4710,sit
-0.0955352783203125,0.037139892578125,-1.000701904296875,4720,sit
-0.0936431884765625,0.033782958984375,-0.9985198974609375,4730,sit
-0.093292236328125,0.0317230224609375,-0.99603271484375,4740,sit
-0.09405517578125,0.031524658203125,-0.996734619140625,4750,sit
-0.0949554443359375,0.0318450927734375,-1.0003204345703125,4760,sit
-0.095794677734375,0.0315399169921875,-1.0010223388671875,4770,sit
-0.094970703125,0.031219482421875,-1.00201416015625,4780,sit
-0.0943145751953125,0.03143310546875,-1.00042724609375,4790,sit
-0.093841552734375,0.032562255859375,-1.0,4800,sit
-0.0943603515625,0.0326385498046875,-0.998992919921875,4810,sit
-0.0947265625,0.033966064453125,-0.9983673095703125,4820,sit
-0.09698486328125,0.0341033935546875,-0.9981842041015625,4830,sit
-0.0952606201171875,0.0352325439453125,-0.9993896484375,4840,sit
-0.0941925048828125,0.03363037109375,-0.9997406005859375,4850,sit
-0.093902587890625,0.0340576171875,-0.9990081787109375,4860,sit
-0.09393310546875,0.036163330078125,-0.9985504150390625,4870,sit
-0.094696044921875,0.036956787109375,-0.9987335205078125,4880,sit
-0.096893310546875,0.0364227294921875,-1.0003662109375,4890,sit
-0.096343994140625,0.0367279052734375,-0.99957275390625,4900,sit
-0.0958251953125,0.0348052978515625,-0.99798583984375,4910,sit
-0.0948333740234375,0.033477783203125,-0.9972991943359375,4920,sit
-0.095001220703125,0.033782958984375,-0.9982452392578125,4930,sit
-0.094451904296875,0.033935546875,-1.001739501953125,4940,sit
-0.0926513671875,0.035491943359375,-1.0024261474609375,4950,sit
-0.0926361083984375,0.033447265625,-0.9983978271484375,4960,sit
-0.0940704345703125,0.032684326171875,-0.9959869384765625,4970,sit
-0.0964202880859375,0.0335693359375,-0.994659423828125,4980,sit
-0.0991058349609375,0.03338623046875,-0.99688720703125,4990,sit
-0.09735107421875,0.032989501953125,-0.9998016357421875,5000,sit
-0.0957183837890625,0.03326416015625,-0.9996795654296875,5010,sit
-0.0941314697265625,0.0323944091796875,-0.999542236328125,5020,sit
-0.0942535400390625,0.03375244140625,-0.99908447265625,5030,sit
-0.0935211181640625,0.0340576171875,-0.999542236328125,5040,sit
-0.0953826904296875,0.034637451171875,-0.9997711181640625,5050,sit
-0.0956573486328125,0.03399658203125,-0.99932861328125,5060,sit
-0.0977783203125,0.0330963134765625,-0.998870849609375,5070,sit
-0.0975799560546875,0.0340423583984375,-0.9983367919921875,5080,sit
-0.09588623046875,0.035308837890625,-1.0001068115234375,5090,sit
-0.09442138671875,0.0348358154296875,-1.0011138916015625,5100,sit
-0.092803955078125,0.0332183837890625,-1.0004730224609375,5110,sit
-0.0934600830078125,0.033416748046875,-0.9992828369140625,5120,sit
-0.0955047607421875,0.0316925048828125,-0.9971923828125,5130,sit
-0.0974273681640625,0.0330047607421875,-0.99774169921875,5140,sit
-0.0969390869140625,0.03521728515625,-0.9997100830078125,5150,sit
-0.094329833984375,0.033935546875,-0.9999542236328125,5160,sit
-0.09124755859375,0.0328521728515625,-0.999237060546875,5170,sit
-0.0929412841796875,0.0324249267578125,-0.998138427734375,5180,sit
-0.0950164794921875,0.0360870361328125,-0.999298095703125,5190,sit
-0.09564208984375,0.036224365234375,-1.0010223388671875,5200,sit
-0.0963134765625,0.0340423583984375,-0.9996337890625,5210,sit
-0.0949859619140625,0.0319061279296875,-0.9973907470703125,5220,sit
-0.094879150390625,0.03076171875,-0.997406005859375,5230,sit
-0.09710693359375,0.0328216552734375,-0.996246337890625,5240,sit
-0.0970611572265625,0.033905029296875,-0.99755859375,5250,sit
-0.09637451171875,0.0343780517578125,-0.9988861083984375,5260,sit
-0.09686279296875,0.0352935791015625,-0.9987945556640625,5270,sit
-0.0958251953125,0.0358123779296875,-0.9993896484375,5280,sit
-0.094390869140625,0.0340728759765625,-1.000457763671875,5290,sit
-0.0938873291015625,0.03289794921875,-1.000244140625,5300,sit
-0.0949554443359375,0.0324249267578125,-1.0001068115234375,5310,sit
-0.09625244140625,0.0324554443359375,-0.9994354248046875,5320,sit
-0.0966033935546875,0.0346221923828125,-0.9974822998046875,5330,sit
-0.09710693359375,0.033721923828125,-0.996337890625,5340,sit
-0.0977325439453125,0.034027099609375,-0.9963531494140625,5350,sit
-0.097320556640625,0.034454345703125,-1.00030517578125,5360,sit
-0.09564208984375,0.0344390869140625,-1.0016326904296875,5370,sit
-0.094482421875,0.0334320068359375,-1.00042724609375,5380,sit
-0.094024658203125,0.032501220703125,-0.999359130859375,5390,sit
-0.0950469970703125,0.032470703125,-0.9999237060546875,5400,sit
-0.0943603515625,0.03070068359375,-1.0020904541015625,5410,sit
-0.0945281982421875,0.0302581787109375,-1.000762939453125,5420,sit
-0.0954437255859375,0.0302734375,-0.999114990234375,5430,sit
-0.096710205078125,0.030670166015625,-0.997100830078125,5440,sit
-0.09808349609375,0.0319671630859375,-0.9957427978515625,5450,sit
-0.0972137451171875,0.033355712890625,-0.996337890625,5460,sit
-0.0962677001953125,0.0341033935546875,-0.996551513671875,5470,sit
-0.096771240234375,0.0320281982421875,-0.9975738525390625,5480,sit
-0.0951690673828125,0.0330657958984375,-0.9982147216796875,5490,sit
-0.0940093994140625,0.0342864990234375,-0.9982147216796875,5500,sit
-0.096038818359375,0.0340728759765625,-0.9983673095703125,5510,sit
-0.0970458984375,0.036651611328125,-0.999237060546875,5520,sit
-0.0980377197265625,0.03857421875,-0.99798583984375,5530,sit
-0.0998992919921875,0.038330078125,-0.9980316162109375,5540,sit
-0.0977783203125,0.037139892578125,-0.99951171875,5550,sit
-0.09521484375,0.036468505859375,-1.0019378662109375,5560,sit
-0.0934906005859375,0.0361175537109375,-1.002777099609375,5570,sit
-0.09149169921875,0.0337066650390625,-1.0011444091796875,5580,sit
-0.092926025390625,0.032012939453125,-0.9983978271484375,5590,sit
-0.0959014892578125,0.0316314697265625,-0.995697021484375,5600,sit
-0.0994720458984375,0.0324249267578125,-0.9963226318359375,5610,sit
-0.0987396240234375,0.0338897705078125,-0.996490478515625,5620,sit
-0.096954345703125,0.0333709716796875,-0.99725341796875,5630,sit
-0.09613037109375,0.0323333740234375,-0.9973602294921875,5640,sit
-0.094635009765625,0.030548095703125,-0.9999542236328125,5650,sit
-0.09576416015625,0.0304107666015625,-0.99957275390625,5660,sit
-0.096527099609375,0.0320587158203125,-0.999359130859375,5670,sit
-0.09783935546875,0.032379150390625,-1.000213623046875,5680,sit
-0.0977325439453125,0.031829833984375,-0.99969482421875,5690,sit
-0.0974273681640625,0.032501220703125,-0.998046875,5700,sit
-0.09564208984375,0.03179931640625,-0.9972686767578125,5710,sit
-0.09600830078125,0.03021240234375,-0.9988250732421875,5720,sit
-0.0962982177734375,0.030517578125,-0.9988861083984375,5730,sit
-0.09686279296875,0.0303192138671875,-0.9975738525390625,5740,sit
-0.0986328125,0.0309600830078125,-0.996856689453125,5750,sit
-0.1008758544921875,0.033935546875,-0.9966278076171875,5760,sit
-0.10223388671875,0.039154052734375,-0.99847412109375,5770,sit
-0.1023712158203125,0.0387420654296875,-0.9983062744140625,5780,sit
-0.100128173828125,0.037689208984375,-1.0006866455078125,5790,sit
-0.096160888671875,0.0374755859375,-1.0030059814453125,5800,sit
-0.09368896484375,0.033538818359375,-1.0029296875,5810,sit
-0.0950469970703125,0.0309295654296875,-1.000396728515625,5820,sit
-0.0969390869140625,0.0316162109375,-0.9989166259765625,5830,sit
-0.1007537841796875,0.03192138671875,-0.996185302734375,5840,sit
-0.10028076171875,0.0331573486328125,-0.9967041015625,5850,sit
-0.1003570556640625,0.0328216552734375,-0.9968109130859375,5860,sit
-0.0994873046875,0.0323486328125,-0.9976806640625,5870,sit
-0.0954742431640625,0.0335540771484375,-0.9980010986328125,5880,sit
-0.0958404541015625,0.0345001220703125,-0.999359130859375,5890,sit
-0.0971221923828125,0.03436279296875,-0.998016357421875,5900,sit
-0.09832763671875,0.034149169921875,-0.997802734375,5910,sit
-0.099700927734375,0.0339813232421875,-0.9977569580078125,5920,sit
-0.098602294921875,0.0316925048828125,-0.9963836669921875,5930,sit
-0.09881591796875,0.0312042236328125,-0.997039794921875,5940,sit
-0.0992584228515625,0.0325775146484375,-0.9989776611328125,5950,sit
-0.0976104736328125,0.0333099365234375,-0.998779296875,5960,sit
-0.097900390625,0.0325775146484375,-0.9991607666015625,5970,sit
-0.0981292724609375,0.03302001953125,-0.9998626708984375,5980,sit
-0.09881591796875,0.0331878662109375,-1.0009307861328125,5990,sit
-0.1005401611328125,0.0351715087890625,-1.000640869140625,6000,sit
