0.007,0.081558,0.0042311,-0.11206,0.006,-0.046493,-0.019774,-0.0058338
0.017,0.063191,-0.018149,-0.13034,0.016,-0.040995,-0.018552,-0.0058338
0.027,0.058475,-0.012182,-0.10483,0.026,-0.042259,-0.014293,-0.0057185
0.037,0.034897,-0.0076371,-0.13017,0.036,-0.039773,-0.01733,-0.0076664
0.047,0.028469,0.011912,-0.16485,0.046,-0.039773,-0.019163,-0.0082772
0.057,0.024367,0.019597,-0.20834,0.056,-0.044049,-0.023439,-0.0076664
0.067,0.0082541,0.011789,-0.18675,0.066,-0.047715,-0.025882,-0.0076664
0.077,-0.066479,-0.043566,-0.10897,0.076,-0.050158,-0.026493,-0.0064446
0.087,-0.11363,-0.055454,-0.066061,0.086,-0.050769,-0.027715,-0.004612
0.097,-0.11764,-0.050001,-0.079444,0.096,-0.048936,-0.029548,0.00027489
0.107,-0.12412,-0.014531,-0.16739,0.106,-0.048936,-0.036878,0.00088575
0.117,-0.11748,0.028678,-0.19931,0.116,-0.059321,-0.043597,0.0063835
0.127,-0.099267,0.063126,-0.18663,0.126,-0.072151,-0.050506,0.012407
0.137,-0.013211,0.12523,-0.045095,0.136,-0.090475,-0.050317,0.019212
0.147,0.06538,0.14827,0.067793,0.146,-0.10208,-0.047874,0.024709
0.157,0.1967,0.18027,0.15093,0.156,-0.11124,-0.042376,0.021655
0.167,0.35666,0.1866,0.193,0.166,-0.11124,-0.043597,0.0082161
0.177,0.38481,0.1003,0.19902,0.176,-0.11735,-0.046652,-0.0082772
0.187,0.24674,-0.092719,0.30137,0.186,-0.1198,-0.033824,-0.014997
0.197,0.010849,-0.25194,0.42288,0.196,-0.11308,-0.020385,-0.0070555
0.207,-0.24019,-0.39776,0.37475,0.206,-0.095362,-0.012443,0.008827
0.217,-0.33786,-0.46489,0.29801,0.216,-0.075204,-0.025882,0.015547
0.227,-0.32072,-0.44595,0.20668,0.226,-0.05138,-0.055815,0.013103
0.237,-0.27876,-0.36509,0.082463,0.236,-0.033054,-0.086358,0.0021075
0.247,-0.20619,-0.27846,-0.02789,0.246,-0.018393,-0.12606,-0.013775
0.257,-0.24289,-0.23886,-0.081153,0.256,-0.010452,-0.14806,-0.016218
0.267,-0.29523,-0.28302,-0.15622,0.266,-0.012895,-0.16821,-0.0064446
0.277,-0.30573,-0.33009,-0.075517,0.276,-0.011063,-0.18593,0.0076053
0.287,-0.2238,-0.40856,0.12675,0.286,0.0066523,-0.19387,0.021044
0.297,-0.1822,-0.51443,0.26545,0.296,0.04025,-0.1957,0.032651
0.307,-0.1762,-0.63308,0.2265,0.306,0.074458,-0.2067,0.040592
0.317,-0.21885,-0.66229,0.29881,0.316,0.099504,-0.21281,0.050977
0.327,-0.22272,-0.59637,0.48288,0.326,0.11111,-0.20853,0.050977
0.337,-0.29665,-0.50915,0.67974,0.336,0.12211,-0.19754,0.047922
0.347,-0.31157,-0.40504,0.76658,0.346,0.13554,-0.20181,0.044868
0.357,-0.15517,-0.18443,0.91579,0.356,0.14471,-0.21281,0.03937
0.367,-0.010688,-0.044818,1.0217,0.366,0.14349,-0.2238,0.029596
0.377,0.072677,0.11022,1.0561,0.376,0.1386,-0.22319,0.01066
0.387,0.026479,0.24924,1.0027,0.386,0.12577,-0.21036,-0.018662
0.397,-0.056812,0.32295,0.97342,0.396,0.094617,-0.18654,-0.028436
0.407,-0.098142,0.37142,1.0202,0.406,0.062852,-0.16944,-0.034544
0.417,-0.12805,0.34848,1.1138,0.416,0.039028,-0.17005,-0.041875
0.427,-0.1089,0.28162,1.0992,0.426,0.023146,-0.17371,-0.047373
0.437,-0.068256,0.23123,1.0275,0.436,0.006867,-0.1853,-0.049936
0.447,-0.006155,0.25751,1.0994,0.446,-0.018393,-0.19509,-0.048594
0.457,-0.010804,0.32357,1.2869,0.456,-0.034887,-0.17066,-0.054703
0.467,-0.06561,0.35826,1.2477,0.466,-0.047715,-0.15172,-0.066309
0.477,-0.11572,0.31416,1.0698,0.476,-0.058099,-0.15477,-0.075472
0.487,-0.16574,0.22602,1.0684,0.486,-0.081312,-0.14867,-0.075472
0.497,-0.16162,0.054762,1.0588,0.496,-0.094751,-0.12484,-0.07364
0.507,-0.089219,0.073076,0.90546,0.506,-0.096584,-0.11568,-0.071807
0.517,-0.10057,0.17244,0.67953,0.516,-0.095973,-0.096132,-0.077305
0.527,-0.31778,0.34318,0.40138,0.526,-0.10391,-0.068643,-0.08097
0.537,-0.65033,0.4803,0.17969,0.536,-0.13382,-0.034002,-0.075571
0.547,-1.2615,0.67639,-0.35833,0.546,-0.19738,-0.013054,-0.036377
0.557,-1.7583,0.86963,-0.99348,0.556,-0.2664,-0.037489,0.0082161
0.567,-2.2829,1.0174,-1.4926,0.566,-0.35987,-0.075362,0.0748
0.577,-2.7094,1.1774,-1.6649,0.576,-0.46616,-0.11996,0.14566
0.587,-2.9566,1.2539,-1.4715,0.586,-0.55473,-0.16882,0.21652
0.597,-2.6665,0.98671,-1.1271,0.596,-0.59322,-0.23541,0.27578
0.607,-1.668,0.34701,-0.94177,0.606,-0.60238,-0.31788,0.3051
0.617,-0.090835,-0.23291,-0.66854,0.616,-0.60788,-0.43883,0.26967
0.627,1.2419,-0.82867,0.35747,0.626,-0.58283,-0.50236,0.20369
0.637,3.0702,-1.5535,2.7667,0.636,-0.52541,-0.4822,0.12
0.647,3.3176,-1.7482,3.4877,0.646,-0.4179,-0.3979,0.034483
0.657,3.0857,-1.584,3.7968,0.656,-0.3055,-0.27328,-0.062644
0.667,1.9696,-1.258,3.8858,0.666,-0.1986,-0.17982,-0.16893
0.677,1.0393,-0.78305,2.9839,0.676,-0.036719,-0.098575,-0.25629
0.687,0.39578,-0.28086,2.2099,0.686,0.056743,-0.13339,-0.30149
0.697,-0.16509,0.021899,1.4186,0.696,0.14043,-0.27084,-0.31615
0.707,-0.37137,0.36521,1.0306,0.706,0.18869,-0.37957,-0.30699
0.717,-0.14651,0.78572,0.86734,0.716,0.2174,-0.49075,-0.29355
0.727,0.26571,1.2256,1.2686,0.726,0.24367,-0.55856,-0.29477
0.737,0.31266,1.3412,1.3481,0.736,0.26932,-0.51213,-0.33509
0.747,0.15714,1.176,1.0741,0.746,0.30292,-0.47548,-0.38274
0.757,-0.22826,0.80497,0.91478,0.756,0.32919,-0.42661,-0.43283
0.767,-0.78431,0.34685,0.55629,0.766,0.34874,-0.36064,-0.44627
0.777,-1.189,-0.066195,0.45477,0.776,0.35851,-0.32643,-0.41756
0.787,-1.3392,-0.13674,0.4947,0.786,0.36218,-0.29405,-0.36808
0.797,-1.2278,0.19632,0.87957,0.796,0.35973,-0.26045,-0.31249
0.807,-1.0894,0.5562,1.439,0.806,0.36218,-0.20731,-0.27523
0.817,-0.97643,0.61489,1.7124,0.816,0.38417,-0.1279,-0.21841
0.827,-0.67492,0.6337,2.0614,0.826,0.39638,-0.074752,-0.19826
0.837,-0.61706,0.46626,2.3288,0.836,0.42448,-0.038711,-0.19642
0.847,-0.71199,0.062272,2.3054,0.846,0.48801,-0.044819,-0.18237
0.857,-0.92515,-0.42397,2.0753,0.856,0.5662,-0.064978,-0.16222
0.867,-1.0509,-0.90097,1.636,0.866,0.63829,-0.10407,-0.14633
0.877,-1.2783,-1.2078,1.3779,0.876,0.6951,-0.1395,-0.1335
0.887,-1.5086,-1.3558,1.1156,0.886,0.76474,-0.23419,-0.10052
0.897,-1.2597,-1.2802,0.79945,0.896,0.84354,-0.38813,-0.040653
0.907,-0.3807,-0.80908,0.92997,0.906,0.91379,-0.49869,0.0051618
0.917,0.73531,-0.42197,1.5159,0.916,0.95655,-0.51152,0.044257
0.927,2.8154,0.14938,1.9888,0.926,0.98037,-0.43577,0.068692
0.937,3.2743,0.62774,2.3918,0.936,0.98587,-0.28917,0.063194
0.947,3.2633,0.77792,2.4433,0.946,0.9935,-0.20125,0.049065
0.957,2.7987,1.0955,1.8771,0.956,0.92051,0.08896,-0.035155
0.967,2.425,1.3734,1.8184,0.966,0.85881,0.12256,-0.070585
0.977,2.2128,1.6264,2.0901,0.976,0.80017,0.10851,-0.099907
0.987,2.1048,1.7678,2.4611,0.986,0.74274,0.10179,-0.12007
0.997,2.0572,1.717,2.7257,0.996,0.68471,0.10912,-0.12312
1.007,1.9875,1.4989,3.2001,1.006,0.6334,0.12867,-0.11762
1.017,2.1229,1.2153,2.9443,1.016,0.62057,0.1305,-0.096853
1.027,3.0397,1.1652,-0.87853,1.026,0.54544,0.062693,-0.098685
1.037,3.3145,1.5546,-2.6801,1.036,0.34568,0.010159,-0.018662
1.047,3.9917,4.1884,-3.6145,1.046,0.13677,-0.0069455,-0.040042
1.057,3.6099,4.6222,-1.5109,1.056,-0.076425,-0.13034,-0.15305
1.067,2.3036,2.9802,0.30794,1.066,-0.12896,0.044978,-0.13717
1.077,2.0529,1.7343,-0.78804,1.076,-0.15828,0.26611,-0.039431
1.087,1.5949,0.63251,-1.1128,1.086,-0.19066,0.36446,0.028986
1.097,0.87843,-0.39582,-2.5041,1.096,-0.16744,0.65035,0.1365
1.107,0.093272,-1.3506,-4.2636,1.106,-0.050158,0.69127,0.20736
1.117,-0.75267,-2.163,-5.1617,1.116,0.058576,0.62958,0.2379
1.127,-1.192,-2.491,-5.6356,1.126,0.01948,0.49457,0.23118
1.137,-0.38074,-1.505,-5.055,1.136,-0.1143,0.31681,0.19392
1.147,0.84606,-0.50247,-2.5644,1.146,-0.1479,0.30765,0.15543
1.157,1.7387,-0.016536,-0.56239,1.156,-0.11858,0.43166,0.11267
1.167,1.8723,0.13076,-0.11331,1.166,-0.10697,0.58743,0.05342
1.177,1.2501,0.096201,-0.95986,1.176,-0.13018,0.62286,0.022266
1.187,0.44991,0.22389,-1.6498,1.186,-0.15339,0.54894,0.035705
1.197,-0.22848,0.40414,-2.0757,1.196,-0.15078,0.4271,0.090972
1.207,-0.86371,0.33713,-1.7165,1.206,-0.13751,0.30276,0.16643
1.217,-1.3521,0.076883,-1.6636,1.216,-0.11247,0.25756,0.19086
1.227,-1.7789,-0.20953,-1.601,1.226,-0.081923,0.17631,0.21286
1.237,-2.0509,-0.26884,-1.6663,1.236,-0.055045,0.082852,0.25317
1.247,-1.8761,-0.010583,-1.4703,1.246,-0.076425,-0.042376,0.31976
1.257,-1.7947,0.28861,-1.1374,1.256,-0.11752,-0.060323,0.32022
1.267,-1.928,0.56106,-0.75381,1.266,-0.19371,-0.022828,0.29654
1.277,-1.8778,0.54499,-0.59265,1.276,-0.24991,0.0083261,0.26661
1.287,-1.8485,0.56357,-0.47213,1.286,-0.29084,0.054141,0.22813
1.297,-2.1617,0.46059,-0.43121,1.296,-0.35437,0.14211,0.18048
1.307,-2.5735,0.1602,-0.39331,1.306,-0.42462,0.21052,0.1536
1.317,-3.0564,-0.26287,-0.37413,1.316,-0.47837,0.24656,0.14933
1.327,-3.4048,-0.64102,-0.17135,1.326,-0.52663,0.24168,0.17743
1.337,-3.5826,-0.82904,0.099721,1.336,-0.55046,0.25634,0.20675
1.347,-3.6835,-0.99259,-0.030193,1.346,-0.55473,0.24534,0.21835
1.357,-3.6058,-0.94516,-0.22102,1.356,-0.544,0.21415,0.22664
1.367,-3.747,-0.38654,-0.59163,1.366,-0.63964,0.10851,0.19086
1.377,-3.8479,-0.03789,-0.67631,1.376,-0.72516,0.0046609,0.16887
1.387,-3.6229,0.39427,-0.67131,1.386,-0.87483,-0.18471,0.14322
1.397,-2.9452,0.81504,-0.54397,1.396,-0.98539,-0.2965,0.12245
1.407,-1.9722,1.0416,0.016663,1.406,-1.0892,-0.32154,0.076022
1.417,-0.77063,0.94217,0.51671,1.416,-1.1845,-0.291,0.0051618
1.427,0.055751,0.53803,0.8703,1.426,-1.2853,-0.19387,-0.049205
1.437,0.77675,0.40935,0.92598,1.436,-1.3941,-0.040543,-0.087079
1.447,1.49,0.3936,0.69294,1.446,-1.457,0.06025,-0.12251
1.457,1.8297,0.309,0.48079,1.456,-1.4209,0.066358,-0.15183
1.467,1.9089,-0.41259,0.14735,1.466,-1.2823,-0.016109,-0.14145
1.477,1.881,-1.7209,-0.31719,1.476,-1.1638,-0.156,-0.062033
1.487,2.056,-5.1316,2.4113,1.486,-1.1198,-0.22197,0.14322
1.497,3.4,-5.3689,4.4064,1.496,-1.0587,-0.16699,0.37046
1.507,4.2532,-3.623,6.078,1.506,-0.95607,0.00038485,0.45232
1.517,4.0507,-2.135,6.1608,1.516,-0.79725,0.23435,0.38268
1.527,3.6419,-0.79985,5.1022,1.526,-0.68363,0.38279,0.22874
1.537,4.031,-0.88166,2.9561,1.536,-0.64758,0.36446,0.16704
1.547,4.5027,-0.8582,0.21282,1.546,-0.37208,0.19097,0.17132
1.557,4.1867,-1.9093,-2.8214,1.556,-0.19799,0.03948,0.29105
1.567,3.9926,-3.5818,-3.3464,1.566,-0.23412,-0.034635,0.49789
1.577,4.5449,-2.5957,-0.44464,1.576,-0.40568,0.19281,0.77119
1.587,3.6024,-1.1194,1.0499,1.586,-0.37697,0.7939,0.69605
1.597,1.7105,0.19919,0.049116,1.596,-0.2267,0.9961,0.53845
1.607,0.19892,1.1916,-1.7238,1.606,-0.033665,1.0114,0.31182
1.617,-1.6637,1.2214,-4.7719,1.616,0.19113,0.83788,0.12733
1.627,-2.8681,0.64773,-7.2079,1.626,0.39272,0.48602,0.11328
1.637,-3.0851,-0.22789,-8.7515,1.636,0.48618,0.26672,0.17804
1.647,-2.3038,-1.567,-9.1472,1.646,0.35668,0.11095,0.27578
1.657,-0.33561,-2.8256,-6.1272,1.656,0.050024,-0.21036,0.36313
1.667,0.93356,-3.6504,-2.2605,1.666,-0.19991,-0.27697,0.40859
1.677,4.3798,-2.4906,4.9062,1.676,0.22473,-0.0026695,0.26111
1.687,6.2092,-0.75207,7.0051,1.686,0.91623,0.20319,-0.015608
1.697,5.5308,0.073211,3.8099,1.696,1.4361,0.2264,-0.25507
1.707,3.3484,0.2745,-0.38957,1.706,1.5222,0.22213,-0.34914
1.717,1.617,0.65908,-2.4051,1.716,1.3554,0.2765,-0.39618
1.727,-0.31088,0.66425,-2.3644,1.726,1.2107,0.2936,-0.39312
1.737,-2.0567,0.45907,-1.7653,1.736,1.1618,0.2484,-0.33814
1.747,-3.0941,0.31741,-1.4882,1.746,1.138,0.18792,-0.29477
1.757,-3.6753,0.23394,-1.5832,1.756,1.1056,0.087128,-0.26912
1.767,-4.029,0.10645,-1.7719,1.766,1.0689,-0.058258,-0.25323
1.777,-4.0965,0.37417,-1.8005,1.776,1.0408,-0.12301,-0.25568
1.787,-4.0304,1.0999,-1.9347,1.786,0.99137,-0.14378,-0.27889
1.797,-3.9163,1.9419,-1.9956,1.796,0.90768,-0.13706,-0.31982
1.807,-3.9001,2.3643,-1.753,1.806,0.802,-0.16394,-0.39801
1.817,-3.9782,2.1905,-1.532,1.816,0.7684,-0.22258,-0.41328
1.827,-3.8913,1.7159,-1.0891,1.826,0.76107,-0.31727,-0.36869
1.837,-3.7271,1.3037,-0.44838,1.836,0.73236,-0.35208,-0.29783
1.847,-3.4825,1.0158,0.34258,1.846,0.66455,-0.32093,-0.22513
1.857,-3.3618,0.70015,1.1583,1.856,0.61691,-0.24213,-0.15427
1.867,-3.4889,0.35001,1.4891,1.866,0.61691,-0.17066,-0.069975
1.877,-3.2414,-0.051037,1.3134,1.876,0.63401,-0.18349,0.029596
1.887,-2.8151,-0.3055,1.6521,1.886,0.67433,-0.28855,0.12306
1.897,-2.341,-0.49519,2.2627,1.896,0.73786,-0.35086,0.19575
1.907,-1.6124,-0.61235,2.3969,1.906,0.81666,-0.35086,0.25501
1.917,-0.47303,-0.51087,2.1351,1.916,0.89974,-0.39301,0.26844
1.927,0.73687,-0.37318,2.04,1.926,0.96877,-0.48647,0.21102
1.937,1.4717,-0.35101,1.755,1.936,1.0402,-0.50419,0.12611
1.947,1.6797,-0.30971,0.70391,1.946,1.0335,-0.39668,0.10595
1.957,2.1621,0.28229,-1.3623,1.956,0.77268,-0.23724,0.12733
1.967,2.9221,1.322,-2.0796,1.966,0.52283,-0.22686,0.083353
1.977,3.9622,3.1513,-0.31495,1.976,0.35118,-0.28917,-0.084025
1.987,4.8092,5.2518,2.2443,1.986,0.26994,-0.28245,-0.34425
1.997,4.7638,5.9703,3.5375,1.996,0.24061,-0.16699,-0.56172
2.007,3.572,4.6231,4.0447,2.006,0.18441,0.038869,-0.59654
2.017,2.5701,2.927,4.3443,2.016,0.092173,0.2374,-0.4762
2.027,4.027,1.2081,1.3152,2.026,0.071404,0.20747,-0.31615
2.037,5.4269,-0.26536,-1.5427,2.036,-0.069706,0.11706,-0.24041
2.047,6.5555,0.64598,-4.8023,2.046,-0.27862,-0.14256,-0.43955
2.057,4.0514,1.3225,-0.98062,2.056,-0.40079,-0.18593,-0.59288
2.067,2.5878,1.4819,-2.5214,2.066,-0.41423,0.19586,-0.64541
2.077,1.6883,0.7168,-3.8307,2.076,-0.37364,0.34366,-0.6105
2.087,0.85592,-0.60952,-5.3827,2.086,-0.24197,0.45304,-0.39068
2.097,0.10526,-1.6356,-5.8711,2.096,-0.061154,0.54344,-0.20436
2.107,0.00098751,-2.2771,-6.1658,2.106,0.032309,0.46709,-0.21047
2.117,0.48719,-3.3279,-5.8954,2.116,-0.12285,0.3553,-0.24713
2.127,1.635,-3.1676,-3.0037,2.126,-0.38552,0.2655,-0.21108
2.137,2.7276,-2.1622,-0.78319,2.136,-0.5284,0.29249,-0.17953
2.147,2.9652,-0.82047,0.48436,2.146,-0.58405,0.35408,-0.15
2.157,2.8968,-0.26739,0.57181,2.156,-0.61215,0.36751,-0.076083
2.167,2.6398,0.17128,-0.2878,2.166,-0.61958,0.34865,-0.033487
2.177,1.4157,0.81454,-1.0676,2.176,-0.61765,0.37546,0.10107
2.187,0.39507,1.1527,-1.1127,2.186,-0.64575,0.42433,0.17926
2.197,-0.47638,1.3392,-1.0141,2.196,-0.70439,0.46586,0.21163
2.207,-1.2943,1.3493,-0.9081,2.206,-0.75693,0.42433,0.20308
2.217,-2.2292,1.0223,-0.55634,2.216,-0.76487,0.31865,0.17498
2.227,-2.9718,0.52393,-0.60794,2.226,-0.73005,0.21724,0.17681
2.237,-3.4308,0.20445,-0.71815,2.236,-0.72028,0.13111,0.19758
2.247,-3.9436,-0.054605,-0.72816,2.246,-0.75815,0.1867,0.19331
2.257,-4.4628,-0.34828,-1.0981,2.256,-0.79552,0.19552,0.19719
2.267,-4.9088,-0.85579,-1.3973,2.266,-0.82787,0.19501,0.19714
2.277,-5.3764,-1.1554,-1.3505,2.276,-0.85833,0.20136,0.18598
2.287,-5.6323,-1.4457,-1.6261,2.286,-0.88399,0.17204,0.16826
2.297,-5.674,-1.6459,-1.7533,2.296,-0.89804,0.068802,0.15055
2.307,-5.3489,-1.518,-1.5752,2.306,-0.90965,-0.026493,0.12733
2.317,-4.8409,-1.1937,-1.202,2.316,-0.92308,-0.10774,0.087018
2.327,-4.5591,-0.7852,-0.69441,2.326,-0.9579,-0.16394,0.047312
2.337,-4.1509,-0.23041,0.0011466,2.336,-1.0031,-0.2684,0.0039401
2.347,-3.2907,0.55566,0.79712,2.346,-1.0679,-0.37285,-0.03149
2.357,-2.5359,0.58046,1.3693,2.356,-1.1369,-0.41378,-0.04554
2.367,-1.5489,0.30171,1.5343,2.366,-1.1894,-0.45104,-0.056536
2.377,-0.60241,-0.0086468,1.6318,2.376,-1.2829,-0.46815,-0.098074
2.387,0.41254,-0.029369,1.5366,2.386,-1.3586,-0.42661,-0.15366
2.397,1.2394,0.018871,1.5898,2.396,-1.424,-0.415,-0.22391
2.407,1.7671,0.13042,2.0764,2.406,-1.4814,-0.36003,-0.29844
2.417,1.9567,0.01536,2.5695,2.416,-1.479,-0.24091,-0.3583
2.427,1.9208,-0.80624,2.2241,2.426,-1.292,-0.15172,-0.38579
2.437,1.5554,-1.8787,0.79283,2.436,-0.91453,-0.20426,-0.3748
2.447,0.86827,-3.3614,0.58892,2.446,-0.581,-0.31727,-0.30638
2.457,0.33835,-6.0275,1.3076,2.456,-0.36598,-0.40706,-0.091966
2.467,0.76666,-8.1746,2.5668,2.466,-0.27862,-0.42478,0.21408
2.477,2.147,-7.5769,4.3621,2.476,-0.36903,-0.28794,0.46453
2.487,3.1422,-5.493,6.1318,2.486,-0.41627,-0.14383,0.54222
2.497,4.3418,-2.1405,7.0729,2.496,-0.26946,0.032761,0.52073
2.507,4.5053,0.32725,6.5928,2.506,-0.2102,0.21236,0.44254
2.517,5.023,0.76533,4.3218,2.516,0.0048197,0.37485,0.45293
2.527,4.7564,0.72834,0.48224,2.526,0.30842,0.21236,0.59098
2.537,5.3962,0.77072,-3.9294,2.536,0.46969,-0.024661,0.64046
2.547,4.3434,0.29857,-4.7589,2.546,0.30964,-0.028326,0.70521
2.557,2.4253,-0.54724,-1.9445,2.556,0.25222,0.39256,0.71132
2.567,0.92675,-1.1114,-0.96287,2.566,0.36095,0.72548,0.57999
2.577,0.13216,-0.6393,-1.5547,2.576,0.4929,0.822,0.37107
2.587,-0.4896,-0.46486,-2.5178,2.586,0.63404,0.83673,0.23699
2.597,-1.6603,-0.66782,-6.4302,2.596,0.86492,0.38951,0.21652
2.607,-1.5195,-1.0224,-8.0907,2.606,0.71587,0.24473,0.32281
2.617,-0.37068,-1.358,-7.4526,2.616,0.3469,0.16471,0.44376
2.627,3.4754,-1.0588,0.72105,2.626,0.097671,-0.011222,0.53967
2.637,6.4996,0.38292,4.9178,2.636,0.14654,-0.049095,0.53967
2.647,7.7491,1.3831,5.8154,2.646,0.49901,0.10301,0.32464
2.657,6.4435,1.4748,3.0328,2.656,1.0335,0.26428,-0.021105
2.667,4.0105,1.3731,-0.19671,2.666,1.4709,0.26306,-0.35219
2.677,1.4501,0.94548,-1.3714,2.676,1.3903,0.30337,-0.4145
2.687,-0.83317,0.42101,-1.2716,2.686,1.2638,0.38767,-0.37602
2.697,-2.332,0.11253,-1.1724,2.696,1.1862,0.42921,-0.34181
2.707,-3.468,-0.21155,-1.1565,2.706,1.1661,0.41455,-0.35525
2.717,-4.2362,-0.41742,-1.3672,2.716,1.1771,0.35469,-0.4029
2.727,-5.0505,-0.66485,-1.5837,2.726,1.1875,0.25023,-0.45604
2.737,-5.759,-0.9156,-1.8932,2.736,1.2101,0.16471,-0.46032
2.747,-6.2254,-0.97679,-2.5023,2.746,1.2223,0.050476,-0.39679
2.757,-5.8935,-0.17613,-2.6361,2.756,1.1881,-0.10896,-0.31004
2.767,-5.2293,1.2656,-2.3498,2.766,1.127,-0.2855,-0.28744
2.777,-4.8897,2.1929,-1.7036,2.776,1.1276,-0.42417,-0.28866
2.787,-4.7654,2.5404,-1.5293,2.786,1.1636,-0.48037,-0.27217
2.797,-4.8258,2.4842,-1.4826,2.796,1.1581,-0.50052,-0.19337
2.807,-4.7517,2.2114,-1.1866,2.806,1.0372,-0.51946,-0.11274
2.817,-4.525,1.5856,-0.50771,2.816,0.98709,-0.56283,-0.0058338
2.827,-4.0777,0.87104,0.46788,2.826,0.97182,-0.56161,0.096181
2.837,-3.6473,0.31472,1.0955,2.836,0.94189,-0.56711,0.18353
2.847,-2.9286,0.14518,1.695,2.846,0.92112,-0.61353,0.25012
2.857,-2.0058,0.2765,2.2332,2.856,0.95349,-0.72227,0.28677
2.867,-1.0774,0.2791,2.6184,2.866,1.0335,-0.8029,0.32037
2.877,0.11129,0.28648,2.5192,2.876,1.1001,-0.82123,0.30998
2.887,1.2683,0.3068,1.9577,2.886,1.1245,-0.85422,0.25073
2.897,1.4741,-0.10089,2.1847,2.896,1.1305,-0.78981,0.24517
2.907,3.1737,1.5301,-0.092492,2.906,0.99686,-0.47059,0.28555
2.917,3.5185,2.7449,-1.3103,2.916,0.75863,-0.24763,0.23912
2.927,4.4085,4.6986,-1.0706,2.926,0.48557,-0.14683,0.16154
2.937,5.1987,6.6049,1.2087,2.936,0.22656,-0.23297,-0.19032
2.947,5.0637,6.9395,3.6098,2.946,0.018259,-0.33987,-0.51102
2.957,3.639,4.9379,5.2348,2.956,-0.0073976,-0.26473,-0.67656
2.967,2.5393,2.4371,5.9981,2.966,-0.058099,0.019322,-0.63319
2.977,2.0779,-0.26083,6.3812,2.976,-0.047104,0.26733,-0.48414
2.987,4.0247,-2.215,1.5283,2.986,0.13005,0.24107,-0.29233
2.997,5.9131,-3.0857,-0.74678,2.996,0.18869,0.059639,-0.20681
3.007,5.8436,-2.8896,-4.4273,3.006,0.20091,-0.13462,-0.36258
3.017,5.0154,-1.8346,-3.2169,3.016,0.034141,-0.22502,-0.46215
3.027,3.3148,1.2917,-1.5047,3.026,-0.19493,0.14944,-0.51835
3.037,1.9542,2.0301,-2.7408,3.036,-0.1876,0.48419,-0.51896
3.047,0.6853,1.3425,-4.9146,3.046,-0.032443,0.4622,-0.41084
3.057,-0.089783,0.84151,-6.5661,3.056,0.046359,0.39623,-0.27278
3.067,-0.51049,0.18797,-6.7295,3.066,-0.019004,0.35591,-0.22147
3.077,0.62776,-1.05,-5.4086,3.076,-0.24441,0.29665,-0.21414
3.087,2.2571,-1.7386,-2.3704,3.086,-0.49487,0.27589,-0.17688
3.097,3.7729,-1.2213,-0.71609,3.096,-0.55718,0.3724,-0.17993
3.107,3.8676,-0.59864,-0.0022386,3.106,-0.67263,0.42005,-0.1219
3.117,2.9493,-0.45248,0.57707,3.116,-0.71356,0.44509,0.048533
3.127,2.397,-0.13596,0.28995,3.126,-0.7105,0.44937,0.19392
3.137,1.607,0.11622,-0.2051,3.136,-0.71417,0.43654,0.2941
3.147,0.45515,0.52473,-0.15724,3.146,-0.73127,0.4793,0.33381
3.157,-0.67325,0.75163,-0.18593,3.156,-0.76487,0.51657,0.33381
3.167,-1.7047,0.95192,-0.19575,3.166,-0.76548,0.48419,0.31121
3.177,-2.7635,0.881,-0.34314,3.176,-0.70745,0.35102,0.30998
3.187,-3.4664,0.72793,-0.3855,3.186,-0.62132,0.24473,0.30632
3.197,-4.7508,0.1299,-0.42096,3.196,-0.5529,0.24717,0.29899
3.207,-5.4326,-0.28037,-0.90496,3.206,-0.52908,0.28016,0.29532
3.217,-5.8497,-0.70858,-1.1145,3.216,-0.54557,0.27222,0.3051
3.227,-6.1881,-1.3253,-1.2812,3.226,-0.60666,0.23007,0.31792
3.237,-5.8457,-1.7058,-1.3957,3.236,-0.63231,0.15554,0.33808
3.247,-5.2957,-1.732,-1.1439,3.246,-0.67874,0.076132,0.31609
3.257,-4.7197,-1.4972,-0.82843,3.256,-0.71539,0.00038485,0.25378
3.267,-4.2354,-1.0174,-0.33521,3.266,-0.72028,-0.11324,0.17132
3.277,-3.7718,-0.34105,0.38248,3.276,-0.74471,-0.14439,0.08152
3.287,-3.711,0.009099,0.68177,3.286,-0.76731,-0.16211,-0.00094685
3.297,-3.7279,0.31633,0.88876,3.296,-0.74654,-0.25557,-0.044929
3.307,-3.396,0.62987,1.1018,3.306,-0.75301,-0.30296,-0.064298
3.317,-2.6913,0.77958,1.3568,3.316,-0.86444,-0.32215,-0.077916
3.327,-1.7798,0.89637,1.3958,3.326,-0.96218,-0.3362,-0.089522
3.337,-0.76618,0.96862,1.2778,3.336,-1.0624,-0.37774,-0.14817
3.347,0.026295,0.91811,1.3362,3.346,-1.1613,-0.44555,-0.20803
3.357,0.71314,0.9495,1.6266,3.356,-1.2487,-0.44371,-0.25201
3.367,1.0486,0.77989,1.7534,3.366,-1.2352,-0.34781,-0.28133
3.377,1.1899,-0.24464,0.92674,3.376,-1.0172,-0.44982,-0.23369
3.387,2.0418,-1.0988,0.37097,3.386,-0.66591,-0.58299,-0.20803
3.397,2.2725,-2.1199,-0.34453,3.396,-0.55351,-0.71677,-0.12251
3.407,1.7991,-3.1304,-0.59344,3.406,-0.65919,-0.71127,0.17804
3.417,3.1361,-7.3543,3.9827,3.416,-0.72333,-0.41806,0.50485
3.427,4.9998,-6.931,6.6124,3.426,-0.62315,-0.019774,0.63374
3.437,5.3244,-4.2662,7.917,3.436,-0.36964,0.33819,0.5806
3.447,4.5337,-1.8533,7.1961,3.446,-0.21631,0.54833,0.48286
3.457,3.7947,0.59325,5.6725,3.456,-0.27312,0.66684,0.35274
3.467,3.5965,1.7217,3.2576,3.466,-0.30122,0.60514,0.25134
3.477,3.3836,1.1875,-2.7693,3.476,-0.096584,0.27711,0.2605
3.487,2.9633,-0.47351,-4.8363,3.486,0.26871,-0.0063347,0.3613
3.497,1.8034,-2.3119,-3.7892,3.496,0.42998,-0.18471,0.547
3.507,0.68285,-3.3741,-2.468,3.506,0.40127,0.24717,0.73148
3.517,0.67587,-2.3803,-2.8878,3.516,0.36645,0.67539,0.66184
3.527,0.40528,-0.99293,-4.3765,3.526,0.38356,0.81284,0.45903
3.537,-0.55096,-0.19503,-6.533,3.536,0.46908,0.63935,0.31121
3.547,-0.6827,-0.042761,-7.6718,3.546,0.43426,0.45914,0.31059
3.557,0.10157,-0.17877,-7.0613,3.556,0.24672,0.36935,0.39917
3.567,1.6551,-0.2444,-4.4042,3.566,-0.0037324,0.16654,0.50913
3.577,4.2593,0.059075,-0.32727,3.576,-0.14057,-0.053982,0.55799
3.587,7.1452,1.1168,4.049,3.586,-0.011674,-0.05948,0.44743
3.597,8.2665,1.9857,5.8569,3.596,0.45686,0.1305,0.16521
3.607,6.758,1.5106,3.5106,3.606,1.0036,0.28383,-0.12679
3.617,4.1606,0.51825,0.37366,3.616,1.2565,0.37057,-0.29844
3.627,1.7357,-0.35964,-0.68418,3.626,1.2211,0.43104,-0.37113
3.637,-0.3299,-0.93117,-0.36432,3.636,1.1477,0.46403,-0.36624
3.647,-1.6187,-1.0271,-0.21497,3.646,1.1453,0.49702,-0.37846
3.657,-2.8216,-1.1703,-0.38251,3.656,1.2461,0.44876,-0.41023
3.667,-4.1309,-1.3621,-0.673,3.666,1.3005,0.41028,-0.41756
3.677,-4.9227,-1.3161,-1.0502,3.676,1.3084,0.36935,-0.42183
3.687,-5.5296,-1.1015,-1.3643,3.686,1.3188,0.2655,-0.42183
3.697,-6.1354,-0.80863,-1.8079,3.696,1.3414,0.073689,-0.37724
3.707,-6.2623,0.057237,-2.2005,3.706,1.306,-0.13034,-0.3186
3.717,-5.7104,1.4097,-2.4291,3.716,1.2372,-0.27371,-0.3256
3.727,-5.3737,2.895,-2.2052,3.726,1.1697,-0.42356,-0.33631
3.737,-5.416,3.6047,-2.1661,3.736,1.1227,-0.49442,-0.30149
3.747,-5.5267,3.5752,-2.0456,3.746,1.0115,-0.5219,-0.22269
3.757,-4.181,2.6004,-0.94818,3.756,0.87042,-0.59826,-0.12617
3.767,-3.5876,2.1086,0.36937,3.766,0.74458,-0.67645,-0.057146
3.777,-3.0341,1.5497,1.2792,3.776,0.68349,-0.66546,0.01799
3.787,-2.7837,0.90242,1.5849,3.786,0.67311,-0.58116,0.069914
3.797,-2.4873,0.18468,2.0006,3.796,0.6786,-0.55611,0.17559
3.807,-1.7611,-0.22509,2.6924,3.806,0.70793,-0.55795,0.26539
3.817,-1.31,-0.33029,3.1448,3.816,0.7739,-0.54573,0.31609
3.827,0.22606,0.012038,2.6678,3.826,0.85514,-0.55428,0.30204
3.837,0.95381,0.17936,1.924,3.836,0.93456,-0.6117,0.266
3.847,1.3447,0.45862,1.4619,3.846,0.948,-0.60987,0.24218
3.857,1.858,1.2503,0.50296,3.856,0.85026,-0.48831,0.24706
3.867,2.5439,2.4299,-1.117,3.866,0.6163,-0.38629,0.21347
3.877,3.1909,3.8143,-1.3326,3.876,0.33285,-0.33498,0.14138
3.887,4.2452,5.8251,-0.27728,3.886,0.062852,-0.34964,0.0063835
3.897,5.0102,7.539,2.1203,3.896,-0.15156,-0.38141,-0.2398
3.907,4.9494,7.4128,3.914,3.906,-0.23892,-0.41684,-0.50674
3.917,3.3715,4.8228,4.8434,3.916,-0.21998,-0.30199,-0.61853
3.927,2.3143,1.8211,5.1742,3.926,-0.2212,-0.037489,-0.53484
3.937,1.8438,-1.0155,5.494,3.936,-0.12774,0.2545,-0.26056
3.947,4.053,-2.9611,1.8412,3.946,0.042693,0.084073,-0.11151
3.957,6.2857,-3.3076,-1.6512,3.956,0.065906,-0.0063347,-0.21597
3.967,6.4747,-2.5736,-4.4448,3.966,0.034752,-0.24824,-0.4145
3.977,5.0427,-1.9598,-2.6558,3.976,-0.18455,-0.060091,-0.52079
3.987,3.0536,0.76823,-0.46585,3.986,-0.27557,0.42616,-0.53973
3.997,1.3887,1.3265,-1.5789,3.996,-0.10941,0.60148,-0.43955
4.007,-0.30753,0.67689,-4.0174,4.006,0.051245,0.56055,-0.23674
4.017,-0.74402,0.48464,-6.3462,4.016,0.046359,0.51718,-0.12923
4.027,-0.54879,0.53071,-7.5477,4.026,-0.11674,0.44265,-0.21414
4.037,-0.17385,-0.044928,-7.681,4.036,-0.42279,0.24045,-0.33876
4.047,2.6295,-0.74445,-1.9623,4.046,-0.76976,-0.037489,-0.32898
4.057,3.8308,-0.15556,0.95128,4.056,-0.93897,0.010159,-0.31982
4.067,3.8173,-0.11244,1.8477,4.066,-0.93408,0.16104,-0.28317
4.077,3.3127,-0.59365,1.3271,4.076,-0.83084,0.27222,-0.14817
4.087,2.8166,-1.088,0.10918,4.086,-0.79847,0.37301,-0.14817
4.097,2.2369,-0.85074,0.15329,4.096,-0.8174,0.46831,0.16582
4.107,0.75087,-0.42984,0.33994,4.106,-0.82718,0.65218,0.20675
4.117,-0.81281,-0.073403,0.17689,4.116,-0.84489,0.73526,0.19514
4.127,-1.962,0.082671,0.11535,4.126,-0.83013,0.71509,0.19623
4.137,-3.035,0.28524,-0.19589,4.136,-0.74838,0.54894,0.18353
4.147,-3.9916,0.51307,-0.39572,4.146,-0.70501,0.4341,0.13283
4.157,-4.9171,0.61263,-0.96529,4.156,-0.70684,0.32659,0.098624
4.167,-5.6478,0.5923,-1.4118,4.166,-0.75204,0.20258,0.11267
4.177,-6.017,0.38641,-1.6763,4.176,-0.82901,0.12439,0.1481
4.187,-6.0064,0.035597,-1.7417,4.186,-0.89804,0.070634,0.18659
4.197,-5.6245,-0.30523,-1.6505,4.196,-0.94752,-0.0032803,0.22019
4.207,-5.1983,-0.66288,-1.2234,4.206,-0.98356,-0.028937,0.22385
4.217,-4.7758,-0.94986,-0.95969,4.216,-0.98661,-0.05276,0.17559
4.227,-4.5527,-0.9454,-0.77751,4.226,-0.97806,-0.091245,0.11512
4.237,-4.2403,-0.80527,-0.83656,4.236,-0.97318,-0.22625,0.054642
4.247,-4.2539,-0.55011,-0.50062,4.246,-0.98539,-0.35575,0.00088575
4.257,-4.0143,-0.23111,-0.046131,4.256,-1.0391,-0.44982,-0.040653
4.267,-3.3657,0.062833,0.41619,4.266,-1.0984,-0.5439,-0.06692
4.277,-2.5451,0.38537,0.72078,4.276,-1.1601,-0.59093,-0.1109
4.287,-1.8332,0.52075,1.0608,4.286,-1.2456,-0.6117,-0.1616
4.297,-1.1966,0.32636,1.3558,4.296,-1.3348,-0.63247,-0.19642
4.307,-0.58775,-0.016194,1.7492,4.306,-1.4038,-0.60926,-0.19276
4.317,0.17783,-0.26368,1.8903,4.316,-1.4313,-0.54329,-0.17688
4.327,2.2188,0.015355,1.5642,4.326,-1.4484,-0.45471,-0.20131
4.337,2.5075,-0.55492,1.12,4.336,-1.4307,-0.34109,-0.27095
4.347,2.7818,-1.3429,0.88339,4.346,-1.3128,-0.3191,-0.30699
4.357,2.8336,-2.3013,0.92408,4.356,-0.94019,-0.35636,-0.29538
4.367,2.225,-4.4946,1.7791,4.366,-0.78686,-0.35331,-0.17749
4.377,2.0502,-6.889,3.5426,4.376,-0.6934,-0.28183,0.082742
4.387,2.596,-7.5818,5.2891,4.386,-0.61582,-0.17005,0.36802
4.397,3.5021,-4.9932,6.982,4.396,-0.5303,0.022987,0.5244
4.407,4.1123,-2.3925,7.084,4.406,-0.39163,0.21358,0.51707
4.417,4.1719,-0.53898,6.1122,4.416,-0.32627,0.36813,0.44376
4.427,5.0228,0.21707,2.9547,4.426,-0.1595,0.38279,0.42177
4.437,5.0629,0.073319,-0.034062,4.436,0.053632,0.27378,0.47713
4.447,5.2257,-0.89118,-3.8767,4.446,0.44525,-0.096743,0.55861
4.457,4.3558,-1.6577,-3.1717,4.456,0.46908,-0.23419,0.71377
4.467,2.465,-2.6188,-0.70604,4.466,0.47824,0.1586,0.81578
4.477,0.48738,-2.7249,-0.72748,4.476,0.53261,0.69616,0.7773
4.487,-0.266,-1.2859,-1.6051,4.486,0.47763,0.96494,0.66367
4.497,-0.81663,-0.060219,-3.3746,4.496,0.50084,1.0309,0.43949
4.507,-1.6921,0.78281,-6.1115,4.506,0.69876,0.66501,0.20736
4.517,-2.204,0.891,-8.2063,4.516,0.71953,0.33147,0.22446
4.527,-1.6344,0.048223,-8.0889,4.526,0.53383,0.016878,0.32281
4.537,-1.2727,-0.72399,-7.0173,4.536,0.25589,-0.28122,0.4737
4.547,2.4331,-1.6001,-0.82067,4.546,0.11294,-0.4596,0.55128
4.557,5.7739,-0.36283,3.918,4.556,0.33835,-0.34964,0.37535
4.567,7.7077,1.1103,6.5268,4.566,0.93333,-0.10896,0.048533
4.577,6.7129,1.0625,4.2727,4.576,1.4196,0.033982,-0.21658
4.587,4.5912,0.74,0.66739,4.586,1.463,0.11645,-0.35586
4.597,2.6258,0.34999,-0.37256,4.596,1.3335,0.26184,-0.41389
4.607,-1.0628,0.11719,-0.12338,4.606,1.2614,0.43349,-0.44444
4.617,-2.9634,-0.19263,-0.20777,4.616,1.2565,0.50679,-0.48475
4.627,-4.2812,-0.56119,-1.0697,4.626,1.2687,0.54711,-0.50491
4.637,-5.0725,-0.66732,-1.1694,4.636,1.2504,0.47686,-0.50613
4.647,-5.6993,-0.56427,-1.6359,4.646,1.287,0.25084,-0.49575
4.657,-6.3205,-0.38138,-2.036,4.656,1.309,0.065747,-0.45299
4.667,-6.4239,0.45161,-2.2566,4.666,1.2901,-0.12362,-0.37235
4.677,-5.7554,2.0544,-2.0944,4.676,1.218,-0.3026,-0.32715
4.687,-5.455,2.7844,-1.4919,4.686,1.1716,-0.41989,-0.30271
4.697,-5.5155,2.7646,-1.6139,4.696,1.1691,-0.45349,-0.22941
4.707,-5.3454,2.6544,-1.7135,4.706,1.1123,-0.51457,-0.11884
4.717,-5.0338,2.1954,-1.2081,4.716,0.9877,-0.5781,-0.011942
4.727,-4.2422,1.6848,-0.12844,4.726,0.87775,-0.65202,0.1084
4.737,-3.3771,1.3478,1.2041,4.736,0.84171,-0.66179,0.18964
4.747,-2.8132,0.82133,1.8431,4.746,0.86858,-0.61353,0.22813
4.757,-2.3935,0.19252,1.9434,4.756,0.91929,-0.60071,0.26234
4.767,-1.8117,-0.46494,1.9148,4.766,0.95105,-0.58849,0.30265
4.777,-0.99057,-0.69974,1.7502,4.776,0.95655,-0.58116,0.3222
4.787,0.013199,-0.59447,1.6689,4.786,0.98831,-0.62942,0.24096
4.797,0.87871,-0.37185,1.7762,4.796,1.0286,-0.64102,0.15116
4.807,1.2726,-0.079525,1.3798,4.806,0.99992,-0.55062,0.098013
4.817,1.9101,0.58926,-0.2552,4.816,0.83132,-0.47242,0.054642
4.827,2.4471,1.4683,-1.359,4.826,0.61813,-0.48647,0.014936
4.837,3.5761,3.0345,-0.71408,4.836,0.42204,-0.54451,-0.085246
4.847,4.6724,4.4331,0.96454,4.846,0.31401,-0.54491,-0.21974
4.857,6.0988,5.7444,3.8564,4.856,0.21984,-0.42356,-0.51835
4.867,5.3433,4.9077,5.2134,4.866,0.19663,-0.17127,-0.60937
4.877,4.0227,3.2018,5.7423,4.876,0.14593,0.15738,-0.55134
4.887,2.6979,1.0451,6.3667,4.886,0.18441,0.39684,-0.41145
4.897,4.8943,-1.5982,-0.019233,4.896,0.3469,0.36874,-0.25568
4.907,5.2291,-1.3951,-3.0684,4.906,0.34385,0.17326,-0.16405
4.917,5.1399,-0.58801,-4.3311,4.916,0.23878,0.062693,-0.2343
4.927,4.3775,1.2128,-2.3203,4.926,-0.055656,-0.17799,-0.41939
4.937,3.0682,2.9735,-2.0253,4.936,-0.25113,0.059639,-0.51591
4.947,1.9539,3.0594,-2.836,4.946,-0.25602,0.22518,-0.50186
4.957,0.55416,1.7774,-4.1338,4.956,-0.14057,0.35163,-0.37419
4.967,-0.52749,0.2521,-5.3163,4.966,-0.051991,0.50985,-0.22086
4.977,-0.88438,-0.83294,-5.7767,4.976,0.0097066,0.48969,-0.12679
4.987,-0.44365,-2.3879,-5.4535,4.986,-0.054434,0.45181,-0.15672
4.997,1.0495,-3.3701,-4.8282,4.996,-0.27679,0.35102,-0.19032
5.007,2.6494,-2.5101,-2.5704,5.006,-0.54313,0.1531,-0.22391
5.017,3.0171,-0.97442,0.15058,5.016,-0.74105,0.16593,-0.26362
5.027,2.5508,-0.21586,1.2759,5.026,-0.81679,0.27711,-0.20498
5.037,2.217,-0.025003,0.87259,5.036,-0.77403,0.25756,-0.03882
5.047,1.6166,0.15121,0.24352,5.046,-0.68973,0.21969,0.12672
5.057,0.81454,0.5635,-0.091517,5.056,-0.67202,0.26184,0.25501
5.067,-0.34011,0.98522,0.065482,5.066,-0.72028,0.44448,0.35946
5.077,-1.5108,1.0164,0.17082,5.076,-0.74899,0.47747,0.38207
5.087,-2.3098,0.90593,-0.07541,5.086,-0.70928,0.36446,0.3784
5.097,-3.1166,0.62601,-0.2015,5.096,-0.64453,0.25695,0.3729
5.107,-3.8755,0.36904,-0.27228,5.106,-0.61399,0.2374,0.35641
5.117,-4.6461,0.14759,-0.5444,5.116,-0.63598,0.26245,0.34175
5.127,-5.3377,-0.1187,-0.96145,5.126,-0.68485,0.23923,0.33869
5.137,-5.7187,-0.44577,-1.3066,5.136,-0.74044,0.16165,0.34419
5.147,-5.6729,-0.7548,-1.3162,5.146,-0.78931,0.086517,0.33747
5.157,-5.4493,-0.96525,-0.9536,5.156,-0.80906,0.056117,0.32338
5.167,-5.0181,-1.133,-0.78956,5.166,-0.84367,0.01138,0.27455
5.177,-3.7677,-1.0801,-0.19178,5.176,-0.85222,-0.072919,0.21713
5.187,-3.1618,-0.64029,0.42194,5.186,-0.86811,-0.14317,0.15238
5.197,-2.8435,-0.22252,0.89258,5.196,-0.90781,-0.14928,0.080298
5.207,-2.6373,0.19487,1.3785,5.206,-0.9017,-0.21036,-0.012553
5.217,-2.3485,0.51611,1.6867,5.216,-0.92064,-0.20242,-0.063255
5.227,-2.2474,0.5648,1.8747,5.226,-0.99517,-0.17738,-0.099296
5.237,-2.159,0.30425,1.7206,5.236,-1.0703,-0.17554,-0.11212
5.247,-1.7666,0.040713,1.4451,5.246,-1.1393,-0.2122,-0.10968
5.257,-1.1564,-0.16366,1.0124,5.256,-1.1745,-0.26758,-0.10717
5.267,0.13985,-0.087272,0.88725,5.266,-1.2682,-0.39607,-0.12556
5.277,1.0655,-0.043112,1.534,5.276,-1.3556,-0.38385,-0.17016
5.287,1.7833,-0.27637,2.2079,5.286,-1.3446,-0.29466,-0.22819
5.297,2.0297,-1.0295,2.3609,5.296,-1.1601,-0.27756,-0.26912
5.307,1.8743,-2.0487,2.2451,5.306,-0.8229,-0.33559,-0.2459
5.317,1.49,-3.5339,1.7235,5.316,-0.51319,-0.38629,-0.12434
5.327,1.2927,-5.652,2.1055,5.326,-0.37453,-0.36675,0.10412
5.337,1.7958,-6.76,3.1559,5.336,-0.33177,-0.26901,0.3674
5.347,2.6022,-4.9281,4.8785,5.346,-0.37025,-0.069254,0.54211
5.357,3.1821,-3.0075,6.021,5.356,-0.36659,0.22213,0.54211
5.367,3.6262,-0.54349,6.467,5.366,-0.36964,0.3779,0.44743
5.377,3.8089,0.74034,5.5465,5.376,-0.31161,0.46831,0.37718
5.387,4.9715,1.0596,2.4256,5.386,-0.050769,0.3217,0.39795
5.397,4.2803,0.47577,-1.1543,5.396,0.34813,0.10545,0.49446
5.407,3.9341,-0.85788,-4.3765,5.406,0.59247,-0.20853,0.68444
5.417,2.5903,-2.0601,-3.7417,5.416,0.59675,-0.145,0.92146
5.427,1.0277,-3.6392,-1.4218,5.426,0.69632,0.36629,0.98865
5.437,0.84796,-3.7041,-1.7452,5.436,0.73663,0.73536,0.88188
5.447,1.2619,-1.9365,-3.1204,5.446,0.71831,0.88858,0.55738
5.457,-0.12443,0.21065,-6.5756,5.456,0.75313,0.74625,0.31731
5.467,-0.0043564,0.72294,-7.6757,5.466,0.72198,0.6198,0.2379
5.477,0.51195,0.94543,-6.9495,5.476,0.52222,0.58071,0.25867
5.487,2.1975,1.1647,-4.0338,5.486,0.23145,0.44204,0.3503
5.497,5.0229,1.5705,0.16153,5.496,-0.034276,0.08163,0.38634
5.507,7.4955,2.3471,4.6101,5.506,0.11172,-0.018552,0.20308
5.517,7.4152,2.3123,5.708,5.516,0.61019,0.08163,-0.13106
5.527,4.7247,1.2378,2.6526,5.526,1.0671,0.23435,-0.39312
5.537,2.3982,0.30118,0.037849,5.536,1.1734,0.26855,-0.47009
5.547,0.58346,-0.19434,-0.71811,5.546,1.061,0.28077,-0.49636
5.557,-1.0466,-0.26252,-0.50529,5.556,0.95838,0.32109,-0.49392
5.567,-2.4112,-0.462,-0.27827,5.566,0.94372,0.32414,-0.50308
5.577,-3.6356,-0.7747,-0.37579,5.576,0.9987,0.2881,-0.51346
5.587,-4.5552,-0.92339,-0.72199,5.586,1.0482,0.21663,-0.51652
5.597,-5.1011,-0.93667,-1.0545,5.596,1.0628,0.093847,-0.50125
5.607,-5.6591,-0.8269,-1.42,5.606,1.0769,-0.071697,-0.45543
5.617,-5.7334,-0.020608,-1.4783,5.616,1.0775,-0.21892,-0.3864
5.627,-5.3826,1.2932,-1.5033,5.626,1.0329,-0.29222,-0.35464
5.637,-5.1814,2.1468,-1.4619,5.636,0.99259,-0.37346,-0.32837
5.647,-5.2573,2.5008,-1.6554,5.646,0.99625,-0.41134,-0.27767
5.657,-5.4347,2.6471,-1.8588,5.656,0.93333,-0.44799,-0.20925
5.667,-5.4255,2.2885,-1.8304,5.666,0.84842,-0.54267,-0.10846
5.677,-5.0901,1.6444,-1.2232,5.676,0.77634,-0.63064,-0.0058338
5.687,-4.3045,1.255,-0.22075,5.686,0.7006,-0.67401,0.05342
5.697,-3.6168,1.011,0.82907,5.696,0.6615,-0.66118,0.089461
5.707,-3.2161,0.72583,1.345,5.706,0.6896,-0.63553,0.13222
5.717,-3.0665,0.37363,1.2754,5.716,0.68777,-0.65141,0.2043
5.727,-2.816,-0.010079,1.4054,5.726,0.68471,-0.68745,0.29166
5.737,-1.8507,-0.0091007,2.1221,5.736,0.69632,-0.68806,0.31792
5.747,0.74664,0.15909,2.2126,5.746,0.7794,-0.70028,0.29044
5.757,1.4768,0.30634,0.81716,5.756,0.8753,-0.70211,0.22935
5.767,1.9082,0.51362,-0.37086,5.766,0.85637,-0.61659,0.19209
5.777,2.7758,1.6882,-2.1927,5.776,0.67616,-0.4712,0.13405
5.787,3.5561,3.0269,-1.2412,5.786,0.35362,-0.42478,0.098013
5.797,4.7402,4.6461,1.491,5.796,0.17586,-0.40767,-0.048594
5.807,5.7715,5.6466,3.5692,5.806,0.071404,-0.39484,-0.28561
5.817,5.4519,5.1711,4.7641,5.816,0.054911,-0.37713,-0.48781
5.827,4.1916,3.6162,5.5775,5.826,0.036585,-0.16272,-0.54156
5.837,3.1701,1.715,6.0851,5.836,0.0078741,0.1305,-0.47864
5.847,2.5536,-0.36437,6.7078,5.846,0.081178,0.31681,-0.36991
5.857,4.1938,-1.6557,2.1323,5.856,0.2736,0.2826,-0.24835
5.867,5.1497,-1.7537,-1.8064,5.866,0.30231,0.08896,-0.21047
5.877,5.1711,-0.80878,-4.8192,5.876,0.2455,-0.071697,-0.28133
5.887,5.266,0.18027,-4.9256,5.886,0.095228,-0.33926,-0.41389
5.897,3.5591,2.1858,-2.6355,5.896,-0.176,-0.17738,-0.5495
5.907,2.3926,2.8535,-2.8391,5.906,-0.29267,0.20319,-0.56294
5.917,1.2028,1.9288,-4.6171,5.916,-0.21326,0.48297,-0.42977
5.927,-0.2146,0.41418,-5.5588,5.926,-0.14545,0.552,-0.3021
5.937,-0.8275,-0.88109,-5.6872,5.936,-0.11124,0.50374,-0.25873
5.947,-0.22817,-2.5884,-5.4525,5.946,-0.21204,0.38706,-0.3021
5.957,1.1082,-3.7607,-5.1199,5.956,-0.45394,0.098123,-0.27523
5.967,2.8972,-3.1167,-2.9199,5.966,-0.70928,0.043756,-0.26301
5.977,4.0764,-1.2039,-0.57058,5.976,-0.91331,0.17998,-0.2905
5.987,3.5728,-0.080368,1.1878,5.986,-1.0117,0.26367,-0.18909
5.997,3.1478,0.35723,1.2792,5.996,-1.0129,0.26122,-0.019273
6.007,2.6567,0.70498,0.5999,6.006,-0.98967,0.29299,0.12733
6.017,1.6856,0.93994,0.24564,6.016,-0.97318,0.40172,0.24279
6.027,-0.64908,1.1793,-0.42646,6.026,-0.99456,0.50191,0.29838
6.037,-1.8187,1.1722,-0.372,6.036,-1.0697,0.49763,0.29777
6.047,-2.887,0.96498,-0.24968,6.046,-1.1216,0.42249,0.27883
6.057,-3.7177,0.71876,-0.080465,6.056,-1.0978,0.32292,0.26906
6.067,-4.6996,0.33084,-0.31711,6.066,-0.99211,0.27589,0.23485
6.077,-5.5153,-0.28768,-0.83195,6.076,-0.942,0.23934,0.22971
6.087,-6.0012,-0.96373,-1.2074,6.086,-0.90598,0.15005,0.25317
6.097,-6.1931,-1.5993,-1.4824,6.096,-0.91331,0.097512,0.28005
6.107,-6.0023,-2.129,-1.985,6.106,-0.95424,0.078576,0.29532
6.117,-5.7192,-2.3432,-1.495,6.116,-1.03,0.075521,0.28249
6.127,-5.1592,-2.1898,-1.7641,6.126,-1.0776,0.083463,0.24401
6.137,-4.2361,-1.585,-1.6732,6.136,-1.121,-0.032602,0.1701
6.147,-3.8966,-0.8827,-0.73961,6.146,-1.1851,-0.11568,0.062583
6.157,-3.7823,-0.26565,0.13737,6.156,-1.2175,-0.15355,-0.021105
6.167,-3.6353,0.26156,1.0586,6.166,-1.1607,-0.27878,-0.068142
6.177,-3.4807,0.6506,1.703,6.176,-1.1046,-0.34667,-0.086953
6.187,-2.6038,1.0674,2.1902,6.186,-1.0349,-0.35392,-0.12801
6.197,-2.1607,0.92066,1.8764,6.196,-1.0037,-0.39118,-0.1555
6.207,-1.9105,0.60018,1.4829,6.206,-1.0636,-0.45593,-0.17382
6.217,-1.5681,0.13534,1.1856,6.216,-1.1943,-0.50847,-0.1445
6.227,-0.95364,-0.012022,1.4308,6.226,-1.3055,-0.55306,-0.10724
6.237,-0.03966,-0.068623,1.7302,6.236,-1.3427,-0.58299,-0.081581
6.247,1.1485,0.061455,1.9373,6.246,-1.3214,-0.56711,-0.1054
6.257,2.1366,0.03277,1.9198,6.256,-1.2688,-0.51457,-0.1616
6.267,2.61,-0.90329,1.6101,6.266,-1.0892,-0.54145,-0.17504
6.277,3.2069,-1.6264,1.4756,6.276,-0.8394,-0.54023,-0.16344
6.287,3.3418,-2.7276,1.538,6.286,-0.68546,-0.43822,-0.089522
6.297,3.0077,-4.7091,2.3851,6.296,-0.60116,-0.27878,0.10351
6.307,3.2275,-6.0997,5.6326,6.306,-0.54435,-0.10102,0.31304
6.317,4.052,-3.2033,7.0688,6.316,-0.50342,0.14638,0.41811
6.327,4.1336,-1.2653,7.3112,6.326,-0.42095,0.35591,0.41627
6.337,4.6124,-0.51242,5.8462,6.336,-0.35681,0.46159,0.36557
6.347,4.7414,-0.38754,2.7914,6.346,-0.0092302,0.31376,0.39001
6.357,4.5138,-1.3637,-1.3234,6.356,0.42571,0.00038485,0.51523
6.367,4.4458,-2.066,-3.306,6.366,0.68044,-0.28428,0.71193
6.377,3.9631,-1.9131,-2.044,6.376,0.56376,-0.074752,0.88481
6.387,2.5624,-2.0149,-1.4586,6.386,0.48801,0.49335,0.83899
6.397,1.4103,-0.7573,-2.1065,6.396,0.40066,0.83055,0.6649
6.407,0.52212,0.60936,-3.1445,6.406,0.32613,0.95578,0.41872
6.417,-0.78899,1.237,-5.2312,6.416,0.39394,0.90385,0.20614
6.427,-2.219,1.3143,-7.4951,6.426,0.46969,0.75664,0.12795
6.437,-2.5731,0.35919,-8.3416,6.436,0.44831,0.52206,0.24768
6.447,-1.17,-0.92345,-6.67,6.446,0.26688,0.19647,0.41261
6.457,0.86574,-1.8569,-2.8767,6.456,0.0066523,-0.1224,0.5525
6.467,3.6598,-1.2081,1.4635,6.466,-0.11124,-0.25251,0.57815
6.477,6.2336,0.62853,4.6544,6.476,0.10867,-0.18226,0.41872
6.487,7.1296,1.7534,4.94,6.486,0.82421,0.034949,-0.028921
6.497,6.0165,1.6722,2.4354,6.496,1.2015,0.12439,-0.33204
6.507,3.4852,1.1335,-0.35079,6.506,1.1575,0.20686,-0.47987
6.517,1.0441,0.59855,-0.77216,6.516,1.0256,0.32414,-0.5098
6.527,-0.82181,0.20289,-0.37123,6.526,0.95716,0.43288,-0.51468
6.537,-2.2463,-0.073677,-0.2009,6.536,0.95349,0.48175,-0.5495
6.547,-3.9188,-0.53351,-0.10112,6.546,0.98892,0.49213,-0.555
6.557,-4.8308,-0.91257,-0.46475,6.556,1.0311,0.42677,-0.54034
6.567,-5.3699,-1.0833,-1.0461,6.566,1.0757,0.27772,-0.51102
6.577,-6.3327,-0.86588,-1.5146,6.576,1.1502,0.086517,-0.43161
6.587,-6.679,-1.4408,-1.5597,6.586,1.1978,-0.056956,-0.34823
6.597,-5.418,1.7442,-1.4748,6.596,1.1868,-0.23846,-0.2795
6.607,-5.4313,2.2302,-1.4788,6.606,1.1704,-0.32337,-0.26362
6.617,-5.4781,2.367,-1.7091,6.616,1.163,-0.37346,-0.22452
6.627,-5.5647,2.2911,-1.7331,6.626,1.098,-0.43653,-0.16235
6.637,-5.0624,1.8847,-0.99849,6.636,0.97496,-0.55668,-0.028145
6.647,-4.0349,1.493,0.35147,6.646,0.8753,-0.65568,0.12123
6.657,-3.3266,1.2229,1.5112,6.656,0.87836,-0.62514,0.1872
6.667,-2.8591,0.70923,1.5918,6.666,0.89913,-0.60132,0.25562
6.677,-2.3487,0.30144,1.6187,6.676,0.92295,-0.62697,0.3051
6.687,-1.8251,-0.10077,2.0258,6.686,0.94738,-0.65752,0.33259
6.697,-0.89201,-0.1259,2.5975,6.696,0.97365,-0.63919,0.33075
6.707,0.38089,-0.05709,2.6149,6.706,1.0317,-0.63736,0.26356
6.717,1.3785,-0.0082617,2.1815,6.716,1.1044,-0.65385,0.15421
6.727,1.7901,0.23631,1.1965,6.726,1.1196,-0.58421,0.078466
6.737,2.3362,0.98974,-0.87331,6.736,1.0225,-0.46204,0.044868
6.747,2.5633,1.7616,-2.364,6.746,0.82521,-0.41256,0.044868
6.757,3.564,3.3267,-0.89228,6.756,0.62973,-0.38935,0.024099
6.767,4.443,4.9076,1.9819,6.766,0.47763,-0.33254,-0.20864
6.777,5.232,5.8626,3.4073,6.776,0.33224,-0.27389,-0.40473
6.787,5.0137,5.4811,4.1475,6.786,0.26199,-0.13706,-0.51774
6.797,3.8711,4.093,5.1189,6.796,0.19846,0.13172,-0.49636
6.807,2.8366,2.3166,5.8895,6.806,0.22412,0.32353,-0.39923
6.817,2.1074,0.29537,6.6191,6.816,0.39455,0.38951,-0.26301
6.827,3.767,-1.3202,1.3546,6.826,0.54544,0.13905,-0.16099
6.837,4.7022,-1.953,-2.6489,6.836,0.44648,0.084684,-0.1671
6.847,4.9859,-0.93758,-5.9657,6.846,0.31208,-0.14256,-0.28133
6.857,5.1708,0.082374,-6.3127,6.856,-0.00027929,-0.3498,-0.45181
6.867,3.3852,2.1704,-3.1539,6.866,-0.34154,-0.0381,-0.54034
6.877,1.6025,2.4976,-4.7827,6.876,-0.37086,0.26,-0.4933
6.887,0.81486,1.3761,-6.2142,6.886,-0.32627,0.38401,-0.38579
6.897,-0.068146,0.055664,-6.2805,6.896,-0.33482,0.46892,-0.32287
6.907,0.27956,-1.8623,-5.285,6.906,-0.37086,0.42921,-0.33081
6.917,1.5323,-2.7038,-3.5729,6.916,-0.55473,0.23984,-0.34486
6.927,3.179,-2.296,-1.5308,6.926,-0.66591,0.17509,-0.31921
6.937,4.0135,-1.2748,0.060236,6.936,-0.78931,0.30276,-0.32898
6.947,3.4611,-0.79951,1.1382,6.946,-0.89865,0.43654,-0.26912
6.957,2.9087,-0.72103,1.0974,6.956,-0.88338,0.46403,-0.11029
6.967,2.2299,-0.76382,0.57959,6.966,-0.82229,0.45792,0.0748
6.977,1.2925,-0.45928,0.10474,6.976,-0.81191,0.52451,0.21102
6.987,-0.10565,-0.031479,0.12969,6.986,-0.85406,0.61736,0.28249
6.997,-0.97684,0.29148,-0.24402,6.996,-0.87959,0.69504,0.30275
7.007,-2.3904,0.7239,-0.66318,7.006,-0.89254,0.57949,0.27883
7.017,-3.4256,0.79717,-1.0232,7.016,-0.84306,0.42738,0.26417
7.027,-4.2493,0.75828,-1.2162,7.026,-0.78136,0.29055,0.25439
7.037,-5.0687,0.57406,-1.3744,7.036,-0.77281,0.2484,0.23485
7.047,-5.8759,0.21876,-1.8776,7.046,-0.80702,0.21358,0.22752
7.057,-6.3144,-0.077732,-1.5668,7.056,-0.89926,0.10912,0.26111
7.067,-6.4545,-0.45145,-1.7128,7.066,-0.96401,0.024209,0.28616
7.077,-6.144,-0.81095,-1.609,7.076,-1.022,-0.044819,0.28677
7.087,-5.729,-1.1563,-1.304,7.086,-1.052,-0.080249,0.27028
7.097,-5.2984,-1.3295,-1.3093,7.096,-1.0721,-0.14256,0.21958
7.107,-4.1011,-1.0815,-1.0033,7.106,-1.1021,-0.19265,0.12856
7.117,-3.5847,-0.74584,-0.37438,7.116,-1.1668,-0.17921,0.026542
7.127,-3.3703,-0.48116,0.065315,7.126,-1.1821,-0.25435,-0.051649
7.137,-3.385,-0.11911,0.68092,7.136,-1.165,-0.33376,-0.10235
7.147,-2.9238,0.31114,0.91695,7.146,-1.1882,-0.39851,-0.15916
7.157,-2.3819,0.51034,1.1324,7.156,-1.2285,-0.47792,-0.19826
7.167,-1.4651,-0.098328,1.5369,7.166,-1.278,-0.52924,-0.22452
7.177,-0.7333,-0.38335,1.7104,7.176,-1.3568,-0.56161,-0.21841
7.187,0.38803,-0.37326,1.748,7.186,-1.4374,-0.5665,-0.20009
7.197,1.6401,-0.010749,1.9584,7.196,-1.5217,-0.55306,-0.21536
7.207,2.6076,0.24847,2.3559,7.206,-1.5376,-0.44677,-0.26728
7.217,2.8093,-0.50541,2.246,7.216,-1.4661,-0.33865,-0.30699
7.227,3.0955,-1.2797,2.6621,7.226,-1.242,-0.29955,-0.27889
7.237,3.0918,-2.3577,2.5062,7.236,-0.91026,-0.2684,-0.20681
7.247,2.6659,-4.5755,2.7703,7.246,-0.67874,-0.20487,-0.055925
7.257,2.3626,-6.9325,3.6374,7.256,-0.5529,-0.077195,0.17315
7.267,2.3659,-7.5749,4.8331,7.266,-0.52052,0.077965,0.40284
7.277,2.6731,-5.1708,6.217,7.276,-0.5077,0.25817,0.52806
7.287,2.9492,-2.7095,6.7997,7.286,-0.40813,0.36568,0.53906
7.297,3.0184,-0.19006,6.8058,7.296,-0.35009,0.45792,0.49752
7.307,3.9815,0.599,4.7251,7.306,-0.26518,0.53489,0.46331
7.317,3.956,0.5423,1.2682,7.316,0.098282,0.34369,0.52501
7.327,4.2903,-0.51043,-3.1222,7.326,0.55887,0.016878,0.63741
7.337,3.7606,-1.7515,-4.5905,7.336,0.68716,-0.24152,0.85121
7.347,2.5121,-2.1128,-3.1618,7.346,0.57598,0.15738,0.90313
7.357,1.5124,-1.6965,-2.4296,7.356,0.48801,0.60575,0.76508
7.367,1.0245,-0.24783,-3.0475,7.366,0.41227,0.77313,0.51707
7.377,0.11536,0.68037,-4.158,7.376,0.47335,0.69127,0.29593
7.387,-1.0805,1.0631,-5.9975,7.386,0.55582,0.51229,0.24034
7.397,-1.5136,0.48786,-7.0274,7.396,0.56437,0.3388,0.3674
7.407,0.071562,-0.26089,-6.6119,7.406,0.42632,0.20502,0.46453
7.417,2.1578,-1.1284,-4.5328,7.416,0.16609,0.043756,0.51401
7.427,4.386,-1.4171,-0.79153,7.426,0.0023763,0.00038485,0.47858
7.437,6.6739,0.048204,3.4176,7.436,0.21984,0.094458,0.25195
7.447,6.0099,1.7732,3.272,7.446,0.76901,0.18914,-0.076694
7.457,3.451,1.2468,0.37383,7.456,1.2363,0.17754,-0.35769
7.467,0.86257,0.57963,-0.66858,7.466,1.3316,0.16349,-0.49575
7.477,-0.86536,0.2112,-0.59776,7.476,1.185,0.28688,-0.48903
7.487,-2.2234,0.032362,-0.52785,7.486,1.1563,0.33331,-0.49941
7.497,-3.7032,-0.28371,-0.47054,7.496,1.1942,0.31987,-0.52568
7.507,-4.487,-0.50577,-0.35051,7.506,1.2355,0.31756,-0.52875
7.517,-5.6721,-0.76417,-1.5099,7.516,1.262,0.28016,-0.52446
7.527,-6.3343,-0.88916,-1.8435,7.526,1.2418,0.13539,-0.49697
7.537,-6.6914,-0.84218,-2.2134,7.536,1.2583,-0.089412,-0.41389
7.547,-6.5101,0.00059235,-2.1793,7.546,1.2046,-0.28245,-0.32654
7.557,-5.7461,1.3636,-1.7041,7.556,1.1245,-0.41317,-0.27767
7.567,-5.5445,2.1165,-1.3355,7.566,1.119,-0.5048,-0.24346
7.577,-5.4552,2.456,-1.5424,7.576,1.1435,-0.561,-0.18421
7.587,-5.2822,2.372,-1.6887,7.586,1.0775,-0.60071,-0.11335
7.597,-4.7289,1.9979,-1.3105,7.596,0.95105,-0.67035,-0.013775
7.607,-3.6519,2.0874,0.034552,7.606,0.82827,-0.72105,0.082742
7.617,-3.0989,1.9852,1.3873,7.616,0.77329,-0.64102,0.13405
7.627,-2.844,1.5393,1.683,7.626,0.78489,-0.6001,0.18964
7.637,-2.4001,1.0532,1.5979,7.636,0.7739,-0.6282,0.24157
7.647,-1.7311,0.60343,1.6771,7.646,0.74274,-0.6453,0.27455
7.657,-0.74913,0.44952,2.1684,7.656,0.74946,-0.67584,0.26539
7.667,0.37548,0.38411,2.7753,7.666,0.81849,-0.67218,0.20308
7.677,1.2756,0.12005,2.9375,7.676,0.90096,-0.58055,0.13833
7.687,1.5448,-0.28218,2.1163,7.686,0.91562,-0.40645,0.12062
7.697,1.8968,0.057922,-0.08508,7.696,0.79222,-0.28794,0.11328
7.707,2.2346,0.88281,-1.8532,7.706,0.58881,-0.31116,0.097402
7.717,2.9694,2.2599,-1.132,7.716,0.40005,-0.36491,0.024709
7.727,5.4138,5.9551,3.3433,7.726,0.29498,-0.40279,-0.16893
7.737,5.518,5.8261,4.6541,7.736,0.24245,-0.41684,-0.40778
7.747,4.1718,4.1218,5.8482,7.746,0.2119,-0.29222,-0.56478
7.757,2.881,2.0806,6.694,7.756,0.15937,0.0052718,-0.49697
7.767,2.7626,0.13344,5.6599,7.766,0.19004,0.31032,-0.36882
7.777,4.3322,-1.26,-0.13383,7.776,0.29987,0.11828,-0.20925
7.787,4.776,-0.96591,-3.7035,7.786,0.21068,-0.0075564,-0.15244
7.797,5.2026,0.12106,-5.4288,7.796,0.081178,-0.2293,-0.23796
7.807,4.7678,1.4884,-3.3168,7.806,-0.16683,-0.36125,-0.40534
7.817,3.5911,3.1499,-2.1404,7.816,-0.40074,-0.088695,-0.50248
7.827,2.7549,3.012,-2.8588,7.826,-0.44539,0.25756,-0.52324
7.837,1.5093,1.1548,-3.9616,7.836,-0.32688,0.41211,-0.44566
7.847,0.25996,-0.50966,-4.7362,7.846,-0.22853,0.57887,-0.32959
7.857,-0.3091,-2.0183,-4.8212,7.856,-0.14179,0.62163,-0.24224
7.867,0.22412,-3.4172,-4.9866,7.866,-0.17844,0.62163,-0.21353
7.877,1.6763,-3.6237,-4.595,7.876,-0.38552,0.40783,-0.16466
7.887,3.1398,-2.3676,-1.8228,7.886,-0.63231,0.26489,-0.15427
7.897,3.5163,-1.052,0.84751,7.896,-0.79236,0.32475,-0.15488
7.907,3.2781,-0.47818,2.0287,7.906,-0.8058,0.39989,0.036927
7.917,3.5366,-0.14512,1.6694,7.916,-0.76483,0.39362,0.10858
7.927,2.5558,0.14415,0.72071,7.926,-0.65491,0.46709,0.1982
7.937,1.2681,0.47517,0.42829,7.936,-0.62559,0.62225,0.24706
7.947,-0.023589,0.83174,-0.3504,7.946,-0.64575,0.68883,0.25317
7.957,-1.1686,1.0156,-0.88568,7.956,-0.67691,0.60209,0.23668
7.967,-2.3495,1.1715,-0.83209,7.966,-0.69829,0.47075,0.22568
7.977,-3.2764,0.99716,-0.69307,7.976,-0.6708,0.35713,0.23057
7.987,-3.8506,0.8277,-0.64489,7.986,-0.63109,0.3162,0.22019
7.997,-4.4021,0.44679,-0.91882,7.996,-0.61521,0.31193,0.20553
8.007,-4.8089,0.068541,-1.4636,8.006,-0.63415,0.32353,0.18476
8.017,-5.9508,-0.95316,-1.8703,8.016,-0.69706,0.34369,0.16338
8.027,-6.1166,-1.4137,-2.0688,8.026,-0.79114,0.31681,0.15421
8.037,-5.9398,-1.5231,-1.968,8.036,-0.88155,0.24962,0.16093
8.047,-5.3544,-1.2609,-1.6055,8.046,-0.98478,0.14638,0.14444
8.057,-4.7206,-0.66256,-1.1143,8.056,-1.0141,0.068802,0.084574
8.067,-4.5816,-0.067689,-0.56613,8.066,-1.0282,0.012602,0.0082161
8.077,-4.7221,0.41595,-0.34754,8.076,-1.0184,-0.074141,-0.04554
8.087,-4.5624,0.94261,-0.32242,8.086,-1.0141,-0.22014,-0.091966
8.097,-4.1455,1.3744,-0.25463,8.096,-1.066,-0.3698,-0.14328
8.107,-3.4055,1.5831,-0.16991,8.106,-1.1613,-0.52618,-0.17443
8.117,-2.5074,1.4208,0.4692,8.116,-1.2701,-0.69844,-0.19581
8.127,-1.837,0.65645,1.0715,8.126,-1.3584,-0.80616,-0.20951
8.137,-0.67432,-0.07264,1.8914,8.136,-1.4668,-0.85544,-0.19642
8.147,0.41762,-0.51189,2.4117,8.146,-1.5285,-0.81084,-0.19703
8.157,1.4556,-0.54877,2.7064,8.156,-1.5419,-0.73449,-0.21414
8.167,2.2289,-0.34096,3.0087,8.166,-1.5346,-0.58971,-0.25323
8.177,2.5002,-0.66783,2.7934,8.176,-1.4564,-0.41745,-0.28561
8.187,2.5962,-1.5145,2.1131,8.186,-1.0526,-0.38202,-0.21658
8.197,2.8678,-2.112,1.9737,8.196,-0.75387,-0.32398,-0.16527
8.207,2.414,-3.8926,1.9696,8.206,-0.5981,-0.2745,-0.032712
8.217,1.8599,-6.2191,2.9086,8.216,-0.50709,-0.1957,0.20675
8.227,2.2631,-7.1538,3.4519,8.226,-0.50887,-0.12401,0.37079
8.237,3.5441,-4.6585,4.9756,8.236,-0.55168,0.071245,0.45048
8.247,4.0727,-2.3374,6.1482,8.246,-0.53274,0.21297,0.42971
8.257,4.0949,-0.022807,6.7758,8.256,-0.5639,0.39317,0.38756
8.267,3.4912,1.6517,6.6411,8.266,-0.63903,0.57032,0.35152
8.277,3.5257,1.2206,4.8009,8.276,-0.42767,0.50924,0.35885
8.287,3.6478,0.37608,1.351,8.286,-0.0018998,0.25512,0.45476
8.297,2.8663,-2.0702,-5.0918,8.296,0.36645,-0.0381,0.49813
8.307,1.6081,-2.547,-3.5627,8.306,0.37317,-0.22502,0.61236
8.317,0.74023,-2.103,-2.7808,8.316,0.29315,0.20075,0.61419
8.327,0.046349,-1.4487,-3.3501,8.326,0.39883,0.7994,0.39123
8.337,-1.5326,-1.4933,-5.0529,8.336,0.6224,0.86354,0.29532
8.347,-2.2399,-1.7349,-6.9967,8.346,0.74641,0.72426,0.38512
8.357,-1.5171,-1.9635,-6.9306,8.356,0.57964,0.55994,0.54944
8.367,0.14039,-1.8281,-4.8068,8.366,0.29498,0.34919,0.68994
8.377,2.6279,-1.2772,-1.6189,8.376,0.10989,0.12195,0.73392
8.387,5.4588,-0.13432,1.5904,8.386,0.1557,0.0022174,0.66001
8.397,8.1189,1.5697,4.0511,8.396,0.42143,0.019933,0.41261
8.407,8.6019,2.238,3.8814,8.406,0.84904,0.087739,-0.023549
8.417,6.078,1.7542,1.5511,8.416,1.2522,0.086517,-0.41817
8.427,2.5542,0.75734,-0.37682,8.426,1.367,0.069413,-0.59226
8.437,0.24914,-0.0055516,-0.6503,8.436,1.2858,0.070023,-0.55622
8.447,-0.86154,-0.21057,-0.30576,8.446,1.196,0.11828,-0.49453
8.457,-1.5763,-0.2401,-0.34765,8.456,1.1722,0.13905,-0.49208
8.467,-2.6953,-0.45621,-0.44667,8.466,1.2015,0.13966,-0.51285
8.477,-3.6055,-0.52781,-0.82588,8.476,1.2235,0.15188,-0.51102
8.487,-4.4253,-0.51215,-1.1411,8.486,1.2064,0.14211,-0.4872
8.497,-5.1553,-0.40135,-1.3991,8.496,1.2217,0.047421,-0.42367
8.507,-5.4761,-0.075481,-1.2731,8.506,1.2846,-0.063145,-0.34609
8.517,-5.5055,0.75916,-1.4794,8.516,1.3108,-0.15233,-0.28744
8.527,-5.636,1.4995,-1.6171,8.526,1.3157,-0.21464,-0.24102
8.537,-5.8064,1.8439,-1.9399,8.536,1.3217,-0.2787,-0.18004
8.547,-5.9886,1.9155,-2.1289,8.546,1.287,-0.37163,-0.064477
8.557,-6.0518,1.7436,-1.8889,8.556,1.1771,-0.42233,0.035094
8.567,-5.7895,1.3801,-1.4401,8.566,1.0775,-0.49747,0.11939
8.577,-4.916,0.63547,0.10704,8.576,1.0573,-0.62758,0.19881
8.587,-4.2728,0.14363,0.95042,8.586,1.0879,-0.71372,0.27028
8.597,-3.4178,-0.23633,1.4894,8.596,1.1123,-0.74976,0.34053
8.607,-1.9615,-0.23936,1.7783,8.606,1.1099,-0.77725,0.40161
8.617,-0.48761,0.076412,2.3872,8.616,1.0769,-0.81879,0.39184
8.627,0.92681,0.35752,2.3472,8.626,1.1349,-0.79863,0.34786
8.637,1.406,0.23078,2.37,8.636,1.1974,-0.82926,0.3158
8.647,2.5484,1.2806,0.81221,8.646,1.097,-0.55306,0.29716
8.657,3.4065,2.5756,-0.96783,8.656,0.87591,-0.32704,0.23485
8.667,3.4386,3.8427,-1.6231,8.666,0.60713,-0.2293,0.11817
8.677,3.7739,5.3828,-0.2975,8.676,0.38478,-0.2293,-0.011942
8.687,4.2415,6.2945,1.9507,8.686,0.22168,-0.24763,-0.22575
8.697,4.2894,5.8664,3.0904,8.696,0.12088,-0.28733,-0.43527
8.707,3.6223,4.563,4.101,8.706,0.020702,-0.20609,-0.555
8.717,2.8317,2.7813,5.4358,8.716,-0.092308,-0.0057238,-0.57088
8.727,2.5046,0.91835,6.5203,8.726,-0.091697,0.15127,-0.5269
8.737,2.731,-0.58153,6.0654,8.736,0.071404,0.16959,-0.4481
8.747,4.8878,-1.4083,-0.10206,8.746,0.22595,-0.05276,-0.33998
8.757,5.9928,-1.5124,-3.4357,8.756,0.0097066,-0.15233,-0.40229
8.767,6.3741,-0.2073,-5.0954,8.766,-0.18394,-0.35086,-0.59104
8.777,5.7659,1.7573,-2.2924,8.776,-0.42034,-0.25374,-0.78713
8.787,3.4815,3.252,-0.93002,8.786,-0.45944,0.13416,-0.80423
8.797,2.2595,2.8774,-3.1269,8.796,-0.33604,0.2936,-0.6619
8.807,0.9054,1.0756,-5.0966,8.806,-0.24075,0.42616,-0.44138
8.817,-0.069079,-0.65204,-5.6591,8.816,-0.17661,0.52878,-0.27156
8.827,-0.15115,-2.118,-5.5478,8.826,-0.16195,0.53367,-0.25873
8.837,0.54232,-3.8242,-5.3953,8.836,-0.26213,0.44082,-0.26179
8.847,1.9818,-4.1685,-5.033,8.846,-0.45394,0.20869,-0.23674
8.857,3.4492,-2.7578,-2.6918,8.856,-0.70256,0.21541,-0.25323
8.867,3.4571,-0.15839,1.7328,8.866,-0.88827,0.36202,-0.23857
8.877,2.7635,0.28293,1.2942,8.876,-0.89865,0.41944,-0.12556
8.887,1.8141,0.42232,0.40162,8.886,-0.82168,0.37729,0.024099
8.897,0.58775,0.56857,0.14597,8.896,-0.78197,0.406,0.25806
8.907,-0.63005,0.71657,0.14694,8.906,-0.82168,0.49824,0.38634
8.917,-1.4277,0.86693,0.16471,8.916,-0.85528,0.5581,0.4401
8.927,-2.2794,0.90603,-0.10174,8.926,-0.86139,0.49396,0.42116
8.937,-3.1857,0.85871,-0.32997,8.936,-0.81069,0.37607,0.38207
8.947,-4.1553,0.65159,-0.44938,8.946,-0.74944,0.27333,0.34854
8.957,-5.0807,0.4233,-0.46721,8.956,-0.69157,0.22213,0.32953
8.967,-5.8721,0.018341,-0.77801,8.966,-0.68851,0.21969,0.3167
8.977,-6.4948,-0.56279,-1.1483,8.976,-0.69462,0.18792,0.31915
8.987,-6.6107,-1.15,-1.1247,8.986,-0.73555,0.087739,0.3277
8.997,-6.5253,-1.7578,-0.98898,8.996,-0.73555,0.077354,0.33747
9.007,-5.912,-2.1597,-1.186,9.006,-0.74166,0.03215,0.34236
9.017,-4.7607,-1.9498,-1.4444,9.016,-0.75998,-0.063756,0.30571
9.027,-3.913,-1.4274,-0.95702,9.026,-0.79786,-0.156,0.2153
9.037,-3.5824,-0.87304,-0.091667,9.036,-0.8455,-0.14378,0.08885
9.047,-3.4404,-0.50052,0.35173,9.046,-0.84569,-0.17297,0.049633
9.057,-3.29,0.22277,1.0688,9.056,-0.78136,-0.27817,-0.00094685
9.067,-2.9672,0.72694,1.2897,9.066,-0.76792,-0.34536,-0.03821
9.077,-2.5947,0.94548,1.3607,9.076,-0.79114,-0.39668,-0.058979
9.087,-2.3014,0.71625,1.3337,9.086,-0.83268,-0.45593,-0.058979
9.097,-1.9502,0.05426,1.4403,9.096,-0.9182,-0.47426,-0.043097
9.107,-1.2283,-0.26549,1.7381,9.106,-1.0117,-0.44799,-0.044318
9.117,-0.22382,-0.15667,1.8517,9.116,-1.0886,-0.42539,-0.069364
9.127,0.84281,0.14178,1.8604,9.126,-1.1497,-0.38018,-0.12251
9.137,1.7583,0.4882,1.7243,9.136,-1.176,-0.28672,-0.19276
9.147,2.1757,-0.32297,0.58902,9.146,-1.1131,-0.28794,-0.21597
9.157,3.161,-1.091,-0.16755,9.156,-0.9072,-0.415,-0.19398
9.167,2.8305,-2.8409,1.137,9.166,-0.81069,-0.47792,-0.17382
9.177,3.1645,-4.9174,3.5879,9.176,-0.87544,-0.33315,0.13955
9.187,4.1395,-5.5982,6.0498,9.186,-0.86139,-0.11629,0.35152
9.197,4.4227,-4.3567,7.7414,9.196,-0.66896,0.16349,0.42483
9.207,3.9125,-2.9769,7.3166,9.206,-0.42156,0.39256,0.42238
9.217,3.0176,-1.4698,6.508,9.216,-0.33726,0.51351,0.40894
9.227,2.941,-1.0573,4.6382,9.226,-0.33116,0.56727,0.43216
9.237,3.7486,-1.3476,2.0838,9.236,-0.050158,0.35774,0.51035
9.247,3.4687,-2.3327,-1.5141,9.246,0.37134,0.10179,0.68383
9.257,3.3654,-2.8988,-3.6108,9.256,0.63279,-0.22869,0.8787
9.267,3.0391,-2.5,-2.1772,9.266,0.58025,-0.22075,1.0363
9.277,2.4026,-1.6718,-1.5092,9.276,0.62424,0.24045,0.96361
9.287,1.8411,-0.17761,-2.7802,9.286,0.64562,0.6363,0.75042
9.297,1.3027,1.0977,-4.4407,9.296,0.59553,0.81833,0.47431
9.307,-0.01123,1.372,-6.8929,9.306,0.57781,0.84888,0.25501
9.317,-1.0046,1.4022,-8.9292,9.316,0.52039,0.61675,0.2379
9.327,-1.2493,1.0315,-8.6709,9.326,0.1948,0.46648,0.38451
9.337,0.018791,0.55027,-6.2404,9.336,-0.078258,0.20014,0.52318
9.347,2.2447,0.048574,-2.4528,9.346,-0.1876,0.0083261,0.52501
9.357,5.3145,0.37778,2.3837,9.356,-0.005565,-0.046652,0.36435
9.367,7.2904,1.5934,5.6885,9.366,0.51672,0.011991,0.044868
9.377,7.2542,1.8321,5.083,9.376,1.097,0.072467,-0.27523
9.387,5.386,1.0992,1.6052,9.386,1.3121,0.14516,-0.49819
9.397,2.892,0.15758,-0.39354,9.396,1.2467,0.20136,-0.58921
9.407,0.436,-0.48419,-0.37491,9.406,1.1495,0.28778,-0.59321
9.417,-1.2064,-0.53845,-0.15651,9.416,1.1325,0.35346,-0.59288
9.427,-4.0319,-0.70808,-0.24292,9.426,1.1917,0.35469,-0.60876
9.437,-5.0967,-0.88046,-0.74471,9.436,1.2779,0.35346,-0.60143
9.447,-6.0498,-0.95786,-1.2836,9.446,1.3047,0.29849,-0.57577
9.457,-6.3334,-1.0099,-1.7434,9.456,1.2973,0.19219,-0.48589
9.467,-6.4858,-0.30062,-1.9364,9.466,1.2974,0.028485,-0.39251
9.477,-6.3255,1.0013,-2.3181,9.476,1.2522,-0.088191,-0.36014
9.487,-6.3866,1.8872,-2.5774,9.486,1.1813,-0.24946,-0.34853
9.497,-6.4359,2.4184,-2.7265,9.496,1.1734,-0.44616,-0.26179
9.507,-6.121,2.7165,-2.6163,9.506,1.138,-0.59826,-0.15611
9.517,-5.5882,2.3769,-2.0947,9.516,1.0335,-0.70944,-0.051649
9.527,-4.6271,2.0501,-1.1216,9.526,0.88996,-0.77419,0.044868
9.537,-3.5604,1.9907,0.067549,9.536,0.79894,-0.8139,0.1139
9.547,-2.8785,1.7213,1.2513,9.546,0.77695,-0.78885,0.14383
9.557,-2.5782,1.2478,1.4878,9.556,0.79467,-0.74243,0.18415
9.567,-1.8139,0.42559,1.7867,9.566,0.78123,-0.72593,0.24951
9.577,-0.86103,0.26097,2.608,9.576,0.74336,-0.66851,0.29899
9.587,0.21668,0.24676,3.3329,9.586,0.74824,-0.61659,0.29044
9.597,1.1439,0.063545,3.6248,9.596,0.84293,-0.61048,0.23729
9.607,1.6491,-0.2807,3.2089,9.606,1.0182,-0.53168,0.17254
9.617,1.7264,-0.24415,2.002,9.616,1.0121,-0.31177,0.20003
9.627,2.0728,0.62267,-0.32263,9.626,0.8356,-0.085747,0.2153
9.637,2.4143,1.8425,-1.9545,9.636,0.60591,-0.020995,0.17254
9.647,3.0165,3.3949,-2.1829,9.646,0.39761,-0.16638,0.036927
9.657,3.6077,5.2052,0.3779,9.656,0.23267,-0.2965,-0.20009
9.667,3.9099,6.2493,2.7254,9.666,0.13249,-0.35819,-0.43344
9.677,3.5364,5.4717,4.1662,9.676,0.065906,-0.28306,-0.53973
9.687,2.6231,3.7261,5.2949,9.686,0.018259,-0.058869,-0.51285
9.697,2.0713,1.8204,5.7539,9.696,0.048802,0.051087,-0.41817
9.707,3.77,-0.078,1.9126,9.706,0.14349,-0.17799,-0.28805
9.717,6.5937,0.080584,-3.9406,9.716,0.057965,-0.26595,-0.30027
9.727,6.5351,0.72725,-1.9575,9.726,-0.12102,-0.4205,-0.47498
9.737,4.7965,2.0773,0.57777,9.736,-0.35865,-0.32093,-0.62647
9.747,2.9832,1.596,-0.90863,9.746,-0.39957,0.34919,-0.65518
9.757,1.2677,0.22868,-3.2387,9.756,-0.16989,0.52145,-0.53118
9.767,0.37372,-0.51794,-5.04,9.766,-0.073665,0.62602,-0.39351
9.777,-0.34859,-1.7553,-5.9436,9.776,0.034141,0.63385,-0.21414
9.787,-0.23006,-3.3746,-5.8087,9.786,0.052467,0.60575,-0.16344
9.797,1.2635,-4.303,-5.436,9.796,-0.16072,0.4848,-0.1274
9.807,3.2114,-3.5162,-2.3583,9.806,-0.44722,0.25878,-0.10235
9.817,4.2688,-1.9434,1.0886,9.816,-0.56695,0.29238,-0.12679
9.827,4.0848,-0.91175,2.2607,9.826,-0.56206,0.43227,-0.1054
9.837,3.6614,-0.33144,1.0851,9.836,-0.50403,0.45792,-0.004612
9.847,2.9785,0.16693,0.057923,9.846,-0.50525,0.41761,0.094348
9.857,2.025,0.74195,-0.25177,9.856,-0.5529,0.47808,0.18903
9.867,1.4895,1.2426,-0.29908,9.866,-0.60666,0.58376,0.26173
9.877,-0.018183,1.7955,-0.61149,9.876,-0.68363,0.6534,0.27394
9.887,-1.067,1.9237,-0.75288,9.886,-0.78442,0.58682,0.23607
9.897,-2.1003,1.8407,-0.84016,9.896,-0.80641,0.48847,0.22507
9.907,-2.9284,1.5942,-0.75739,9.906,-0.79752,0.45073,0.20534
9.917,-3.868,1.1015,-0.9703,9.916,-0.78747,0.43471,0.18903
9.927,-4.5768,0.54897,-1.6447,9.926,-0.81863,0.3498,0.19209
9.937,-5.4907,0.024123,-1.4843,9.936,-0.86444,0.32414,0.20675
9.947,-6.0529,-0.57678,-1.7271,9.946,-0.89865,0.29421,0.22874
9.957,-6.3598,-1.2071,-2.0875,9.956,-0.93958,0.22396,0.26661
9.967,-6.2772,-1.5427,-2.0329,9.966,-0.98356,0.18364,0.27333
9.977,-5.8591,-1.5092,-2.0428,9.976,-1.0428,0.12317,0.22263
9.987,-5.2934,-1.0919,-1.9708,9.986,-1.1045,-0.00083688,0.14627
9.997,-4.6099,-0.20037,-0.58154,9.996,-1.1705,-0.085747,0.055253
10.007,-4.3638,0.233,-0.004997,10.006,-1.1662,-0.1786,-0.013164
10.017,-3.8434,0.71294,0.3038,10.016,-1.118,-0.29283,-0.080359
10.027,-3.4177,0.91467,0.54934,10.026,-1.0996,-0.39118,-0.17077
10.037,-2.9685,0.76016,0.70505,10.036,-1.1369,-0.53718,-0.26179
10.047,-2.4994,0.19911,0.82351,10.046,-1.2059,-0.64163,-0.28194
10.057,-1.9426,-0.55893,1.0658,10.056,-1.3024,-0.71921,-0.26851
10.067,-1.0637,-1.0188,1.5642,10.066,-1.3708,-0.7577,-0.22575
10.077,0.014545,-1.1249,1.8083,10.076,-1.3587,-0.76505,-0.19106
10.087,1.7352,-0.68388,2.2023,10.086,-1.3079,-0.71921,-0.2117
10.097,2.3765,-0.6995,2.6792,10.096,-1.2829,-0.57444,-0.274
10.107,2.4121,-1.3663,2.8614,10.106,-1.154,-0.46021,-0.27706
10.117,2.706,-2.0853,2.8166,10.116,-0.85894,-0.426,-0.20436
10.127,2.5677,-3.1403,1.9329,10.126,-0.54801,-0.3472,-0.11823
10.137,2.1358,-4.9356,2.482,10.136,-0.36903,-0.26045,0.035705
10.147,2.2,-6.2632,2.8959,10.146,-0.27129,-0.21647,0.27944
10.157,2.904,-5.1828,4.1104,10.156,-0.30672,-0.13217,0.4627
10.167,3.5411,-2.9903,5.5834,10.166,-0.34215,0.07491,0.50668
10.177,3.8576,-1.7781,6.3173,10.176,-0.31592,0.14066,0.4927
10.187,4.0815,1.021,6.7537,10.186,-0.37392,0.38706,0.38879
10.197,3.5019,1.6412,5.9162,10.196,-0.37819,0.50313,0.33931
10.207,4.2446,0.82067,2.3921,10.206,-0.097195,0.31009,0.35885
10.217,3.6566,0.024012,-1.044,10.216,0.26994,0.11339,0.42422
10.227,3.5906,-0.79865,-4.7924,10.226,0.45808,-0.18226,0.5079
10.237,3.1358,-1.1779,-5.2013,10.236,0.35301,-0.086358,0.53295
10.247,1.5159,-1.3563,-3.6571,10.246,0.28704,0.3669,0.43155
10.257,-0.15797,-1.6119,-3.4419,10.256,0.38722,0.6534,0.35458
10.267,-1.4018,-1.8877,-4.2213,10.266,0.59186,0.71143,0.36496
10.277,-1.7824,-1.9973,-7.225,10.276,0.70915,0.6198,0.45293
10.287,0.49748,-1.586,-6.1716,10.286,0.55399,0.47442,0.57327
10.297,2.5499,-0.91448,-3.0976,10.296,0.25344,0.35774,0.65634
10.307,5.346,-0.070891,0.63087,10.306,0.051245,0.28077,0.67284
10.317,8.2043,1.2903,3.8831,10.316,0.21923,0.29971,0.43399
10.327,9.1239,2.3455,4.7791,10.326,0.60774,0.43227,0.020433
10.337,7.0489,2.0669,2.7054,10.336,1.0665,0.40417,-0.41572
10.347,3.565,1.2384,0.30441,10.346,1.2925,0.29788,-0.6448
10.357,0.98846,0.48985,-0.86244,10.356,1.2461,0.31498,-0.67351
10.367,-1.068,-0.1544,-0.77814,10.366,1.138,0.38279,-0.60876
10.377,-2.2171,-0.47473,-0.67608,10.376,1.1099,0.40111,-0.52568
10.387,-3.1328,-0.63229,-0.65848,10.386,1.1532,0.40356,-0.49269
10.397,-4.3275,-1.0114,-0.78518,10.396,1.2198,0.41394,-0.47803
10.407,-5.0866,-1.2632,-1.0853,10.406,1.2669,0.40233,-0.44993
10.417,-5.6451,-1.54,-1.5598,10.416,1.2937,0.31617,-0.41301
10.427,-5.943,-1.4692,-1.9683,10.426,1.3493,0.10484,-0.33081
10.437,-5.773,-0.52305,-2.0706,10.436,1.3616,-0.06681,-0.28683
10.447,-5.6379,0.74504,-2.1738,10.446,1.3218,-0.17493,-0.285
10.457,-5.5933,1.7158,-2.4033,10.456,1.3102,-0.31482,-0.26362
10.467,-5.8502,2.2492,-2.4318,10.466,1.2345,-0.4767,-0.2117
10.477,-5.7215,2.3967,-2.5861,10.476,1.1288,-0.61048,-0.11396
10.487,-5.3146,2.3051,-2.1172,10.486,1.0134,-0.75587,0.0094379
10.497,-4.5499,1.9445,-0.81601,10.496,0.94738,-0.78641,0.14688
10.507,-3.5351,1.8798,0.43604,10.506,0.93094,-0.70207,0.23626
10.517,-2.9633,1.5117,1.1581,10.516,0.92967,-0.63553,0.28433
10.527,-2.6563,0.84217,1.3952,10.526,0.9315,-0.61842,0.33625
10.537,-2.2254,0.31769,1.6534,10.536,0.92967,-0.61964,0.37412
10.547,-1.4818,-0.0031661,2.0186,10.546,0.93639,-0.6062,0.37412
10.557,-0.5558,-0.28674,2.0496,10.556,0.98526,-0.63369,0.33808
10.567,1.0581,-0.8844,1.4698,10.566,1.0531,-0.69417,0.28982
10.577,1.4904,-0.531,1.5102,10.576,1.0842,-0.69111,0.25745
10.587,2.3293,0.47205,0.199,10.586,1.0749,-0.54278,0.26813
10.597,3.3184,2.0058,-1.7897,10.596,0.78367,-0.3307,0.19758
10.607,4.2062,4.0243,-1.4982,10.606,0.56559,-0.38018,0.071746
10.617,4.6629,5.9141,1.3113,10.616,0.34202,-0.43089,-0.15794
10.627,4.5861,6.3275,3.491,10.626,0.21801,-0.36858,-0.37174
10.637,3.6993,5.2003,4.2691,10.636,0.12088,-0.21036,-0.48231
10.647,2.6316,3.637,4.5502,10.646,-0.0025107,0.035815,-0.48781
10.657,2.0043,1.685,5.1886,10.656,-0.055045,0.17998,-0.42916
10.667,2.0161,-0.21756,5.1568,10.666,0.052467,0.18609,-0.34364
10.677,4.185,-1.4735,0.65599,10.676,0.20091,-0.041154,-0.24651
10.687,5.0914,-1.8075,-1.8364,10.686,0.14898,-0.15661,-0.25201
10.697,5.8258,-0.95722,-3.4533,10.696,0.073847,-0.24457,-0.35464
10.707,5.5735,0.98102,-0.92796,10.706,-0.15645,-0.3527,-0.51041
10.717,3.7311,2.4299,0.67366,10.716,-0.2884,-0.028326,-0.58249
10.727,2.5068,2.435,-1.5283,10.726,-0.20715,0.25634,-0.52751
10.737,1.2122,1.4475,-4.3831,10.736,-0.097806,0.44815,-0.32532
10.747,0.28087,0.44228,-6.2782,10.746,-0.12224,0.51351,-0.21841
10.757,-0.23246,-0.29301,-6.5022,10.756,-0.1931,0.51596,-0.2343
10.767,0.071275,-1.7824,-6.2325,10.766,-0.36842,0.41455,-0.28256
10.777,1.4382,-2.5814,-5.0731,10.776,-0.56878,0.18181,-0.2795
10.787,2.8089,-1.9478,-2.0994,10.786,-0.67385,0.14516,-0.29355
10.797,3.4512,-0.91933,0.20256,10.796,-0.73738,0.23618,-0.30027
10.807,3.0557,-0.59791,1.174,10.806,-0.74288,0.28688,-0.19703
10.817,2.1752,-0.68522,0.84742,10.816,-0.70256,0.31865,-0.0021686
10.827,1.3661,-0.62444,-0.077159,10.826,-0.70562,0.35102,0.20064
10.837,0.70276,-0.17509,-0.22536,10.836,-0.74227,0.41211,0.33197
10.847,-1.3369,0.29227,0.07655,10.846,-0.79114,0.50313,0.39795
10.857,-2.3091,0.55212,-0.14496,10.856,-0.83145,0.5355,0.41688
10.867,-3.3294,0.62466,-0.59294,10.866,-0.84306,0.48175,0.39184
10.877,-4.2449,0.62783,-0.71857,10.876,-0.80702,0.29055,0.34236
10.887,-5.13,0.5866,-0.96567,10.886,-0.73188,0.23007,0.30143
10.897,-6.1152,0.32548,-1.3909,10.896,-0.72883,0.17631,0.27822
10.907,-6.6563,0.029418,-1.9359,10.906,-0.76548,0.10484,0.28188
10.917,-6.7488,-0.43147,-2.3221,10.916,-0.85467,0.02543,0.29716
10.927,-6.3664,-0.94783,-2.3046,10.926,-0.9408,-0.071086,0.30571
10.937,-5.1371,-1.1689,-2.0488,10.936,-1.0007,-0.21525,0.28494
10.947,-4.1932,-1.3565,-0.84616,10.946,-1.044,-0.33315,0.19575
10.957,-3.5957,-1.3952,0.14027,10.956,-1.0434,-0.36491,0.10595
10.967,-2.8969,-1.1334,0.8441,10.966,-1.0312,-0.3808,0.024099
10.977,-2.37,-0.73339,1.6272,10.976,-0.99089,-0.36125,-0.069364
10.987,-2.0381,-0.36325,1.7283,10.986,-0.92919,-0.35086,-0.15183
10.997,-1.8997,-0.10287,1.5953,10.996,-0.90398,-0.34807,-0.20659
11.007,-1.8076,0.0077896,1.47,11.006,-0.93408,-0.36369,-0.23796
11.017,-1.6346,-0.14513,1.4747,11.016,-0.9915,-0.39179,-0.23185
11.027,-1.4006,-0.4331,1.556,11.026,-1.0874,-0.47976,-0.19032
11.037,-0.77726,-0.26776,1.8272,11.036,-1.1454,-0.49136,-0.1781
11.047,-0.047099,-0.10183,1.9439,11.046,-1.2041,-0.46815,-0.18176
11.057,0.59719,0.073984,1.9407,11.056,-1.2566,-0.40645,-0.18176
11.067,1.1914,0.15565,1.7535,11.066,-1.2572,-0.34964,-0.16466
11.077,1.6598,-0.25946,1.309,11.076,-1.1369,-0.39301,-0.11274
11.087,2.4703,-0.75118,0.92767,11.086,-0.93652,-0.42356,-0.08097
11.097,2.947,-1.3253,0.53743,11.096,-0.8455,-0.38385,-0.07364
11.107,2.4313,-3.1006,1.2083,11.106,-0.8394,-0.33559,0.056474
11.117,2.3497,-4.7717,2.9447,11.116,-0.81313,-0.16821,0.25012
11.127,2.9939,-4.0273,5.657,11.126,-0.77526,0.065747,0.3613
11.137,3.0564,-2.7845,6.195,11.136,-0.69584,0.26855,0.39245
11.147,2.9589,-1.0362,6.2235,11.146,-0.63415,0.38767,0.39306
11.157,3.8194,-0.35766,4.7007,11.156,-0.64331,0.51107,0.36313
11.167,4.3968,-0.21531,2.2132,11.166,-0.31527,0.37301,0.39978
11.177,4.2845,-1.3276,-1.3638,11.176,0.1331,0.12378,0.5018
11.187,3.8124,-2.8441,-2.9777,11.186,0.41899,-0.16272,0.67039
11.197,3.0469,-3.7806,-1.5049,11.196,0.36157,-0.057036,0.87137
11.207,1.8646,-3.8486,-0.35257,11.206,0.40616,0.43227,0.89031
11.217,0.80939,-2.4898,-1.1265,11.216,0.48252,0.76397,0.75408
11.227,-0.13989,-0.94459,-2.8047,11.226,0.58087,0.87392,0.51523
11.237,-1.3331,-0.021189,-5.5131,11.236,0.7067,0.73526,0.34297
11.247,-1.6605,0.64739,-8.0139,11.246,0.76535,0.49335,0.30876
11.257,-1.3718,0.97965,-9.2606,11.256,0.62118,0.33758,0.36618
11.267,-0.57375,0.54742,-7.7373,11.266,0.27987,0.20808,0.48055
11.277,1.8724,-0.068397,-2.3346,11.276,-0.082534,-0.017941,0.63619
11.287,5.4217,0.19315,2.9188,11.286,-0.10147,-0.088191,0.61725
11.297,7.7023,1.1547,6.6233,11.296,0.27055,-0.0081673,0.35152
11.307,7.637,1.3674,5.6669,11.306,0.92173,0.21052,-0.15977
11.317,5.8553,0.79964,1.4546,11.316,1.4049,0.24656,-0.39007
11.327,3.7204,0.18973,-0.84607,11.326,1.3005,0.28199,-0.5214
11.337,1.4184,-0.19997,-0.76379,11.336,1.1612,0.36385,-0.5831
11.347,-0.6458,-0.48832,0.0085592,11.346,1.1502,0.43776,-0.5776
11.357,-1.8793,-0.44468,-0.073174,11.356,1.2119,0.47503,-0.59593
11.367,-3.3468,-0.38255,-0.54426,11.366,1.2773,0.48297,-0.61242
11.377,-4.5879,-0.46756,-1.099,11.376,1.3255,0.42677,-0.60693
11.387,-5.4636,-0.57804,-1.8015,11.386,1.328,0.29177,-0.56966
11.397,-6.1349,-0.78414,-2.215,11.396,1.3463,0.094458,-0.4872
11.407,-6.4859,-1.0276,-2.5384,11.406,1.3461,-0.054105,-0.40695
11.417,-6.0087,1.9942,-2.3816,11.416,1.2545,-0.21003,-0.3282
11.427,-6.1066,2.5592,-2.33,11.426,1.1813,-0.31971,-0.26545
11.437,-6.1112,2.6891,-2.1725,11.436,1.1679,-0.41134,-0.17443
11.447,-5.937,2.3097,-1.9914,11.446,1.127,-0.53473,0.00088575
11.457,-4.9121,1.6945,-1.3514,11.456,1.028,-0.68317,0.1365
11.467,-3.3929,1.6381,-0.0081856,11.466,0.94616,-0.79435,0.23301
11.477,-2.4611,1.4715,1.3082,11.476,0.93333,-0.77419,0.26111
11.487,-2.1272,0.93312,1.7645,11.486,0.93578,-0.6624,0.29166
11.497,-1.8318,0.57723,1.7506,11.496,0.91562,-0.57627,0.33136
11.507,-1.4297,0.63821,1.91,11.506,0.86553,-0.53351,0.36618
11.517,-0.7071,0.70184,2.4684,11.516,0.82949,-0.5384,0.36863
11.527,0.047931,0.59674,2.9175,11.526,0.86797,-0.57383,0.33686
11.537,0.62325,0.30366,2.9321,11.536,0.96938,-0.60804,0.28555
11.547,0.93882,0.11636,2.1481,11.546,1.0482,-0.59032,0.24706
11.557,1.2703,0.46945,0.68549,11.556,1.0121,-0.47426,0.2324
11.567,1.9505,1.4189,-1.5162,11.566,0.84842,-0.37285,0.17987
11.577,2.4441,2.4692,-2.4043,11.576,0.63462,-0.42539,0.093126
11.587,3.3755,4.0193,-0.9776,11.586,0.41654,-0.54512,-0.1219
11.597,4.0478,5.087,2.025,11.596,0.17281,-0.52007,-0.29966
11.607,4.332,5.0751,4.1124,11.606,0.12883,-0.35392,-0.41328
11.617,3.8406,4.1104,4.7918,11.616,0.054911,-0.085747,-0.44932
11.627,2.984,2.7555,5.5491,11.626,0.003598,0.1757,-0.41878
11.637,2.3962,1.0812,6.1657,11.636,0.07568,0.27955,-0.34547
11.647,3.327,-0.51808,3.8248,11.646,0.26749,0.13722,-0.26056
11.657,4.9811,-1.4253,-0.12905,11.656,0.26077,-0.0026695,-0.24041
11.667,5.7044,-1.0512,-3.6172,11.666,0.11722,-0.035045,-0.34792
11.677,5.8843,-0.21466,-4.7156,11.676,-0.18088,-0.18165,-0.50369
11.687,4.7292,1.8469,-1.5215,11.686,-0.41607,0.093236,-0.60509
11.697,1.8407,2.6073,-3.1014,11.696,-0.3898,0.38523,-0.61792
11.707,0.66238,1.2231,-5.3876,11.706,-0.22975,0.40356,-0.54034
11.717,0.04951,-0.011569,-6.6637,11.716,-0.17722,0.43899,-0.44016
11.727,0.0055246,-1.7602,-6.3268,11.726,-0.2212,0.42188,-0.38946
11.737,0.82378,-3.4229,-5.3812,11.736,-0.43012,0.37485,-0.34609
11.747,2.3867,-3.3423,-3.1867,11.746,-0.60788,0.22702,-0.26912
11.757,3.6627,-2.2232,-0.84659,11.756,-0.72639,0.18426,-0.26056
11.767,3.4936,-1.4096,0.54924,11.766,-0.80152,0.21174,-0.23857
11.777,2.9941,-0.94451,0.68808,11.776,-0.82168,0.28077,-0.099296
11.787,2.4539,-0.42044,0.16571,11.786,-0.82168,0.34858,0.061972
11.797,1.5749,-0.047034,0.076262,11.796,-0.84917,0.42005,0.19758
11.807,0.57494,0.35492,0.20309,11.806,-0.84184,0.49274,0.2941
11.817,-0.72069,0.55149,0.25037,11.816,-0.84001,0.54955,0.34786
11.827,-1.5373,0.64335,-0.20502,11.826,-0.8455,0.56292,0.36625
11.837,-2.6798,0.84488,-0.54753,11.836,-0.89376,0.44265,0.35885
11.847,-3.5837,0.84723,-0.48855,11.846,-0.90048,0.34552,0.3332
11.857,-4.5779,0.73288,-0.52138,11.856,-0.88949,0.30521,0.28005
11.867,-5.5283,0.45235,-0.80491,11.866,-0.88338,0.25267,0.25073
11.877,-6.0741,0.20414,-1.0467,11.876,-0.91942,0.14027,0.24584
11.887,-6.363,-0.16975,-1.2411,11.886,-0.97318,0.086517,0.25501
11.897,-6.1784,-0.66308,-1.425,11.896,-1.0233,0.026652,0.25195
11.907,-5.4763,-0.94914,-1.2484,11.906,-1.0477,-0.039321,0.2153
11.917,-4.5207,-0.96667,-1.1974,11.916,-1.0636,-0.15539,0.11817
11.927,-4.1761,-0.92206,-1.2065,11.926,-1.0618,-0.23907,0.015547
11.937,-3.4316,-0.96068,0.28821,11.936,-1.0489,-0.20975,-0.056536
11.947,-2.9075,-0.88722,0.9406,11.946,-1.0373,-0.14561,-0.11518
11.957,-2.7556,-0.78179,1.1585,11.956,-0.98723,-0.17616,-0.15061
11.967,-2.6747,-0.66055,1.0796,11.966,-0.92797,-0.27206,-0.16588
11.977,-2.4563,-0.53282,1.0085,11.976,-0.92186,-0.32948,-0.17504
11.987,-1.9254,-0.67941,1.0809,11.986,-0.94019,-0.38935,-0.1726
11.997,-1.4018,-0.7765,1.3404,11.996,-0.98051,-0.44982,-0.16588
12.007,-0.54401,-0.44965,1.9371,12.006,-1.0495,-0.49808,-0.14572
12.017,0.39944,0.034455,2.2589,12.016,-1.1393,-0.42478,-0.14694
12.027,1.2309,0.51511,2.3124,12.026,-1.1693,-0.32398,-0.17321
12.037,1.6868,0.61086,1.9494,12.036,-1.1784,-0.19631,-0.19703
12.047,1.6651,-0.18357,0.87481,12.046,-1.1198,-0.15539,-0.16832
12.057,2.3791,-0.63545,0.25468,12.056,-0.93591,-0.21036,-0.1054
12.067,2.4436,-1.3901,-0.47961,12.066,-0.75815,-0.22136,-0.1274
12.077,1.7701,-3.4934,0.17737,12.076,-0.72089,-0.26168,-0.061423
12.087,1.9478,-5.3686,1.7632,12.086,-0.71844,-0.26473,0.12856
12.097,2.8626,-5.4619,4.0377,12.096,-0.7667,-0.18165,0.31915
12.107,3.3067,-4.031,6.4373,12.106,-0.74227,0.03215,0.39428
12.117,3.3237,-2.4414,7.336,12.116,-0.59941,0.18591,0.41951
12.127,3.2552,-0.53067,6.9907,12.126,-0.48571,0.33392,0.41017
12.137,3.3056,0.12979,5.3247,12.136,-0.47288,0.46098,0.40345
12.147,3.8487,-0.20697,2.7295,12.146,-0.20837,0.44082,0.44926
12.157,3.8785,-1.1068,-1.6065,12.156,0.20579,0.23007,0.60259
12.167,3.8034,-2.2737,-4.1022,12.166,0.36462,-0.12484,0.7272
12.177,2.6384,-3.172,-2.7781,12.176,0.24306,0.17692,0.82616
12.187,1.9962,-2.6328,-1.4989,12.186,0.3072,0.56605,0.71743
12.197,1.0178,-1.2098,-1.7912,12.196,0.39883,0.80306,0.48836
12.207,-0.15481,0.028038,-3.1666,12.206,0.49657,0.81956,0.29777
12.217,-1.5476,0.69883,-5.1183,12.216,0.60164,0.70166,0.24706
12.227,-1.963,1.2555,-7.4272,12.226,0.57476,0.56116,0.30815
12.237,-1.5785,1.4657,-8.6386,12.236,0.41376,0.46407,0.37334
12.247,-0.078303,0.84103,-6.6654,12.246,0.02998,0.24168,0.4891
12.257,1.9887,0.1503,-2.5955,12.256,-0.18516,0.11462,0.53356
12.267,7.0911,0.83245,5.5883,12.266,-0.11613,0.12561,0.45415
12.277,7.3898,1.1954,5.4859,12.276,0.27849,0.28932,0.17193
12.287,5.9157,0.98173,2.1062,12.286,0.84171,0.39134,-0.16466
12.297,3.4744,0.35117,-0.077412,12.296,1.1539,0.29543,-0.48292
12.307,1.0845,-0.60882,-0.16056,12.306,1.0873,0.33331,-0.52263
12.317,-0.42705,-1.1957,0.13908,12.316,1.0482,0.44571,-0.48536
12.327,-1.684,-1.2276,-0.00098288,12.326,1.0879,0.50435,-0.4762
12.337,-2.5317,-1.2374,-0.38045,12.336,1.1752,0.4903,-0.48292
12.347,-4.1879,-1.2949,-1.3172,12.346,1.2583,0.40966,-0.47253
12.357,-5.048,-1.3779,-1.3398,12.356,1.3194,0.30765,-0.44993
12.367,-5.5601,-1.4162,-1.8954,12.366,1.3951,0.13294,-0.39373
12.377,-5.5755,-0.89158,-1.9991,12.376,1.4342,-0.083304,-0.32165
12.387,-5.3576,0.38246,-2.0652,12.386,1.4116,-0.22991,-0.28866
12.397,-5.2304,1.7247,-2.1945,12.396,1.3677,-0.36491,-0.28439
12.407,-5.3009,2.355,-2.3686,12.406,1.3352,-0.45595,-0.26972
12.417,-5.3926,2.776,-2.4923,12.416,1.2864,-0.53351,-0.22636
12.427,-5.392,2.7384,-2.2893,12.426,1.163,-0.60804,-0.1616
12.437,-4.6276,2.2887,-1.8883,12.436,1.0604,-0.75587,-0.057146
12.447,-3.5318,2.1691,-0.88906,12.446,0.98098,-0.91042,0.065027
12.457,-2.8825,1.7856,0.2957,12.456,0.93089,-0.84078,0.1481
12.467,-2.2279,1.2915,1.131,12.466,0.88508,-0.7296,0.2208
12.477,-1.6326,1.095,1.6651,12.476,0.85392,-0.64896,0.26173
12.487,-1.3611,0.97598,2.0597,12.486,0.82643,-0.60743,0.29899
12.497,-0.82984,1.0344,2.1744,12.496,0.80689,-0.58543,0.31059
12.507,-0.35785,0.9128,2.2453,12.506,0.8075,-0.58482,0.30326
12.517,0.1479,0.52361,2.2093,12.516,0.83193,-0.60743,0.28188
12.527,0.58121,0.14926,2.1197,12.526,0.85209,-0.59704,0.277
12.537,0.79137,0.12917,1.9577,12.536,0.83743,-0.44738,0.3222
12.547,2.1037,1.573,-0.68804,12.546,0.76974,-0.3031,0.34622
12.557,2.7549,3.5431,-2.5661,12.556,0.47824,-0.23663,0.22385
12.567,3.4033,5.5284,-1.1734,12.566,0.21435,-0.31482,0.087018
12.577,3.9003,6.8746,1.8057,12.576,-0.017171,-0.42111,-0.12984
12.587,3.8627,5.9944,3.8783,12.586,-0.12957,-0.44188,-0.46398
12.597,3.138,4.0465,4.2803,12.596,-0.16011,-0.24274,-0.55561
12.607,2.6637,1.7045,4.7954,12.606,-0.2102,-0.016109,-0.5495
12.617,1.911,-0.99351,6.5221,12.616,-0.1314,0.1641,-0.48048
12.627,0.7742,-3.8172,8.4721,12.626,0.13738,0.3498,-0.32287
12.637,1.3883,-5.7219,5.0295,12.636,0.53139,0.50496,-0.083414
12.647,3.0656,-6.3294,1.7298,12.646,0.75016,0.29892,0.063242
12.657,4.2762,-3.809,-4.4656,12.656,0.90951,0.27589,-0.016218
12.667,3.9765,-1.2817,-7.236,12.666,0.8808,-0.019774,-0.17688
12.677,2.1746,1.1373,-4.5124,12.676,0.54971,-0.21586,-0.30455
12.687,0.28007,2.7592,-3.4634,12.686,0.22901,0.14516,-0.35403
12.697,0.6074,3.1995,-5.5558,12.696,0.083621,0.33575,-0.32776
12.707,1.283,3.6267,-8.0206,12.706,-0.043439,0.31376,-0.37419
12.717,0.74538,3.263,-8.3992,12.716,-0.22242,0.17754,-0.47742
12.727,0.93603,1.2837,-5.8203,12.726,-0.54374,-0.044208,-0.46582
12.737,2.3813,-0.36049,-1.6692,12.736,-0.64086,0.048643,-0.34792
12.747,4.6421,-0.73731,0.11065,12.746,-0.66469,0.20136,-0.30271
12.757,5.5435,-0.83499,0.48875,12.756,-0.70684,0.26978,-0.25934
12.767,4.6899,-1.2742,1.3073,12.766,-0.75571,0.43104,-0.061423
12.777,3.7711,-1.6333,1.5577,12.776,-0.76304,0.6479,0.1872
12.787,3.0509,-1.401,1.0358,12.786,-0.75265,0.79084,0.34908
12.797,1.5462,-1.0704,0.74015,12.796,-0.78503,0.90019,0.41261
12.807,0.15954,-0.51745,0.22257,12.806,-0.8113,0.8727,0.39367
12.817,-1.238,0.101,-0.44224,12.816,-0.80824,0.70593,0.35946
12.827,-2.6586,0.48477,-0.7713,12.826,-0.79725,0.541,0.3277
12.837,-4.6193,0.86592,-1.3281,12.836,-0.79297,0.44326,0.26844
12.847,-5.6529,0.72561,-1.8658,12.846,-0.81496,0.33392,0.1982
12.857,-6.1592,0.42437,-2.0426,12.856,-0.86383,0.14272,0.18476
12.867,-6.1229,0.037665,-1.9011,12.866,-0.97562,-0.11079,0.23668
12.877,-5.7464,-0.44657,-1.5778,12.876,-1.052,-0.2067,0.25501
12.887,-4.8791,-0.69498,-1.2815,12.886,-1.0593,-0.26168,0.24829
12.897,-3.7295,-0.68517,-1.0627,12.896,-1.074,-0.3191,0.20125
12.907,-2.9855,-0.66409,-0.5156,12.906,-1.0935,-0.34048,0.12428
12.917,-2.5793,-0.49311,-0.016698,12.916,-1.0825,-0.29405,0.03937
12.927,-2.5218,-0.3462,0.40618,12.926,-1.077,-0.20792,-0.033934
12.937,-2.4198,-0.17586,0.29695,12.936,-1.0514,-0.18898,-0.085857
12.947,-2.4574,-0.022881,0.21991,12.946,-1.0263,-0.23907,-0.14022
12.957,-2.4942,-0.022827,0.1839,12.956,-1.0494,-0.28162,-0.17905
12.967,-2.5231,-0.25368,0.33315,12.966,-1.1088,-0.35147,-0.19765
12.977,-2.3608,-0.51242,0.65556,12.976,-1.1619,-0.43883,-0.20253
12.987,-1.9504,-0.75432,1.0451,12.986,-1.2169,-0.49197,-0.2007
12.997,-1.1241,-0.70339,1.6308,12.996,-1.2688,-0.50175,-0.20009
13.007,-0.055178,-0.63131,2.1552,13.006,-1.3012,-0.46754,-0.24163
13.017,0.87361,-0.4876,2.7054,13.016,-1.3128,-0.34231,-0.28317
13.027,1.5474,-0.34476,3.0718,13.026,-1.2707,-0.18715,-0.32104
13.037,1.474,-0.76629,2.6517,13.036,-1.1577,-0.10224,-0.28744
13.047,1.5053,-1.3958,2.2176,13.046,-0.89437,-0.093078,-0.21841
13.057,1.6639,-1.5133,1.5207,13.056,-0.70217,-0.12525,-0.1951
13.067,0.99426,-2.7926,0.20986,13.066,-0.55962,-0.20303,-0.028436
13.077,0.72678,-4.4933,0.90756,13.076,-0.52908,-0.17921,0.15788
13.087,1.2444,-5.2503,2.1068,13.086,-0.5358,-0.12484,0.30326
13.097,1.8565,-4.1411,3.8105,13.096,-0.54924,-0.0087781,0.3503
13.107,2.2657,-2.6022,5.2031,13.106,-0.48815,0.096902,0.33747
13.117,3.0635,-0.20761,4.9173,13.116,-0.44905,0.18792,0.28982
13.127,4.2509,-0.058267,3.1898,13.126,-0.36292,0.26733,0.28066
13.137,4.7212,-0.3896,0.21734,13.136,-0.099027,0.2374,0.38879
13.147,4.9176,-1.552,-2.6651,13.146,0.20702,0.15066,0.55494
13.157,3.6575,-2.8382,-2.4424,13.156,0.27055,0.055363,0.71743
13.167,1.5541,-4.0031,-0.48402,13.166,0.30659,0.36874,0.81578
13.177,0.17405,-4.3111,-0.81599,13.176,0.52283,0.63752,0.81822
13.187,-0.28545,-2.7276,-2.5938,13.186,0.63951,0.77863,0.71987
13.197,-0.56252,-0.68512,-4.8612,13.196,0.5827,0.78046,0.53112
13.207,-0.78771,0.73346,-6.5702,13.206,0.48924,0.56421,0.40467
13.217,-0.14085,2.4162,-7.7238,13.216,0.35423,0.3889,0.35335
13.227,0.74265,3.591,-7.5863,13.226,0.048191,0.30826,0.31548
13.237,1.9528,3.4143,-4.6025,13.236,-0.26335,0.14272,0.31182
13.247,3.9551,3.1003,-0.10042,13.246,-0.33543,-0.025271,0.31059
13.257,6.3544,2.6925,4.5859,13.256,-0.16072,0.010159,0.21652
13.267,6.8284,1.4687,5.9659,13.266,0.28765,0.26122,0.016768
13.277,5.8182,0.11035,3.1714,13.276,0.77695,0.47075,-0.18604
13.287,3.9215,-1.179,0.56663,13.286,0.99015,0.51168,-0.36136
13.297,2.0917,-2.2467,-0.00219,13.296,1.0072,0.5239,-0.41695
13.307,0.29543,-2.7927,0.22378,13.306,1.0537,0.53978,-0.43161
13.317,-1.1692,-2.6712,0.15488,13.316,1.1569,0.55322,-0.42244
13.327,-2.5223,-2.3569,-0.374,13.326,1.2571,0.55139,-0.39251
13.337,-3.7408,-2.0135,-1.2721,13.336,1.317,0.47564,-0.33937
13.347,-4.5066,-1.6768,-1.0641,13.346,1.3799,0.37423,-0.28011
13.357,-4.6449,-1.3995,-1.6777,13.356,1.4239,0.16532,-0.22025
13.367,-4.4578,-0.77533,-1.9461,13.366,1.4304,0.00022733,-0.19003
13.377,-4.2748,0.60402,-1.6485,13.376,1.4275,-0.1114,-0.19154
13.387,-4.3901,1.605,-1.7218,13.386,1.4349,-0.17188,-0.18787
13.397,-5.0723,2.46,-2.4873,13.396,1.4245,-0.28367,-0.15916
13.407,-4.9728,2.2591,-2.3919,13.406,1.3805,-0.41806,-0.084635
13.417,-4.3725,2.1769,-1.8169,13.416,1.3108,-0.57505,0.00088575
13.427,-3.7566,1.8005,-1.0894,13.426,1.2406,-0.76931,0.071746
13.437,-2.9664,1.3555,-0.57118,13.436,1.1758,-0.86155,0.11512
13.447,-2.2607,1.051,-0.010478,13.446,1.1416,-0.9098,0.14627
13.457,-1.6958,1.1683,0.41951,13.456,1.0891,-0.91408,0.18292
13.467,-1.4312,1.3628,0.79446,13.466,1.017,-0.8982,0.2153
13.477,-1.2407,1.4624,1.8362,13.476,0.96021,-0.8365,0.26111
13.487,-0.65221,1.372,2.5446,13.486,0.93761,-0.74487,0.29349
13.497,-0.044264,0.98209,2.9795,13.496,0.96205,-0.66546,0.28677
13.507,0.4034,0.6168,2.9356,13.506,1.0158,-0.56833,0.26478
13.517,0.64624,0.35561,2.521,13.516,1.05,-0.45043,0.22996
13.527,0.30874,0.17034,1.3783,13.526,1.0433,-0.28061,0.22324
13.537,0.45868,0.75303,0.40114,13.536,0.94372,-0.08086,0.24157
13.547,0.68554,1.5243,-1.4954,13.546,0.78917,-0.015498,0.20491
13.557,1.0016,2.6256,-2.7908,13.556,0.59797,-0.11751,0.13467
13.567,1.5377,4.1001,-2.6029,13.566,0.40677,-0.3136,0.024099
13.577,1.7911,5.1315,-0.70242,13.576,0.20885,-0.54756,-0.19459
13.587,1.8168,4.6576,1.5296,13.586,0.16792,-0.56833,-0.28256
13.597,1.9227,3.5397,3.1023,13.596,0.10622,-0.40523,-0.31004
13.607,1.9377,2.0497,4.3653,13.606,0.076291,-0.145,-0.29844
13.617,2.1764,0.26693,5.0128,13.616,0.18502,0.01138,-0.24285
13.627,3.7861,-1.5753,3.2379,13.626,0.35362,-0.022217,-0.18237
13.637,4.9896,-2.4579,1.4573,13.636,0.37134,0.063915,-0.25079
13.647,5.6652,-1.928,-1.501,13.646,0.32247,-0.069865,-0.3638
13.657,6.1609,-0.82327,-0.62852,13.656,0.20946,-0.0051129,-0.50919
13.667,4.4302,0.34631,1.136,13.666,0.20518,0.28138,-0.54523
13.677,3.4742,0.74446,-0.90644,13.676,0.26139,0.37738,-0.47362
13.687,2.0114,1.7135,-5.9278,13.686,0.27727,0.47564,-0.41267
13.697,0.64566,1.005,-6.0504,13.696,0.25894,0.36263,-0.39862
13.707,-0.67077,-0.85084,-4.1156,13.706,0.21984,0.21785,-0.33387
13.717,-0.055161,-2.7727,-3.1265,13.716,0.15265,0.33331,-0.25873
13.727,0.79507,-4.128,-2.793,13.726,0.13616,0.31742,-0.20803
13.737,1.5051,-4.5123,-2.6459,13.736,0.055522,0.29055,-0.17993
13.747,1.9016,-3.555,-1.7883,13.746,-0.090475,0.24473,-0.12617
13.757,2.0915,-2.1782,-0.57064,13.756,-0.16561,0.23068,-0.034544
13.767,1.9437,-0.90596,0.24219,13.766,-0.1705,0.26122,0.055253
13.777,1.8742,-0.11618,0.42254,13.776,-0.17607,0.31815,0.12251
13.787,1.2922,1.0519,-0.037109,13.786,-0.18516,0.41761,0.20308
13.797,0.59619,1.6404,-0.12122,13.796,-0.19371,0.45304,0.2434
13.807,-0.11695,1.863,-0.36083,13.806,-0.20837,0.51046,0.25562
13.817,-0.93522,1.6516,-0.72777,13.816,-0.23036,0.52878,0.2379
13.827,-1.8272,1.0969,-1.1396,13.826,-0.25846,0.49396,0.22874
13.837,-2.4337,0.45455,-1.4408,13.836,-0.29634,0.43349,0.23729
13.847,-2.7206,0.054317,-1.5176,13.846,-0.34765,0.34247,0.24218
13.857,-3.0114,-0.13269,-1.3312,13.856,-0.43439,0.23557,0.18537
13.867,-3.3234,-0.55137,-1.1754,13.866,-0.46616,0.1531,0.13833
13.877,-3.4243,-0.97339,-0.95975,13.876,-0.48082,0.081019,0.10657
13.887,-3.3667,-1.1548,-0.9135,13.886,-0.48096,0.039525,0.081595
13.897,-3.3457,-1.2298,-0.9707,13.896,-0.48571,-0.093688,0.045479
13.907,-3.1868,-0.97613,-0.81737,13.906,-0.48509,-0.19387,0.030818
13.917,-2.8619,-0.64688,-0.63394,13.916,-0.5077,-0.26168,0.016157
13.927,-2.4412,-0.29013,-0.32988,13.926,-0.53824,-0.28917,0.0076053
13.937,-1.8684,-0.00051761,0.099863,13.936,-0.56328,-0.3026,-0.013164
13.947,-1.2282,0.16303,0.86279,13.946,-0.55657,-0.28306,-0.033934
13.957,-0.83291,0.10323,1.5196,13.956,-0.50037,-0.23235,-0.058979
13.967,-0.78638,-0.70111,1.5008,13.966,-0.42889,-0.16333,-0.091966
13.977,-0.95127,-0.95118,1.2614,13.976,-0.38369,-0.13339,-0.12251
13.987,-1.2152,-1.154,1.2371,13.986,-0.36536,-0.12729,-0.15855
13.997,-1.4227,-1.2993,1.2172,13.996,-0.35498,-0.13706,-0.19581
14.007,-1.4838,-1.2329,1.0922,14.006,-0.34276,-0.15294,-0.20192
14.017,-1.3303,-0.88581,1.3697,14.016,-0.34215,-0.13828,-0.21047
14.027,-1.2198,-0.68774,1.2131,14.026,-0.31711,-0.13278,-0.23796
14.037,-1.1839,-0.59247,1.0371,14.036,-0.3,-0.14439,-0.2514
14.047,-1.0639,-0.52876,1.105,14.046,-0.32383,-0.11873,-0.25079
14.057,-0.77695,-0.36407,1.2753,14.056,-0.36842,-0.05215,-0.24835
14.067,-0.601,-0.23054,1.453,14.066,-0.39713,-0.0099999,-0.24774
14.077,-0.50667,-0.28927,1.2236,14.076,-0.34582,-0.032602,-0.23735
14.087,-0.052578,-0.64907,0.8111,14.086,-0.20248,-0.14707,-0.1972
14.097,0.7667,-1.2613,0.27756,14.096,0.048802,-0.27756,-0.16588
14.107,0.97751,-2.0178,0.34557,14.106,0.16609,-0.24518,-0.17382
14.117,0.87511,-2.7867,1.086,14.116,0.14288,-0.13706,-0.16344
14.127,1.0964,-2.636,2.3453,14.126,0.14776,-0.075362,-0.12373
14.137,1.3353,-1.9285,3.4706,14.136,0.26016,0.066969,-0.11457
14.147,1.014,-1.3124,3.3946,14.146,0.42571,0.14088,-0.10113
